doKey,CowKey,doDate,comment,reason
1,1, 19/07/12,,
2,6, 21/04/15,,
3,8, 01/07/13,,
4,11, 16/01/12,,
5,12, 20/03/11,,
6,15, 12/01/16,,
7,17, 20/08/15,,
8,24, 10/05/13,,
9,26, 01/09/12,,
10,32, 03/06/11,,
11,37, 21/04/14,,
12,38, 17/09/15,,
13,39, 09/03/13,,
14,41, 26/10/12,,
15,48, 04/04/16,,
16,50, 14/07/15,,
17,61, 13/07/15,,
18,67, 01/09/13,,
19,77, 14/11/11,,
20,82, 04/02/14,,
21,86, 13/08/15,,
22,89, 17/09/15,,
23,97, 24/03/11,,
24,99, 29/06/15,,
25,101, 04/04/16,,
26,103, 14/07/15,,
27,104, 10/05/13,,
28,107, 10/07/11,,
29,108, 14/07/14,,
30,109, 14/07/15,,
31,113, 15/02/12,,
32,114, 24/09/14,,
33,115, 14/07/15,,
34,121, 22/03/16,,
35,122, 10/05/13,,
36,123, 29/05/16,,
37,124, 01/07/13,,
38,126, 09/12/14,,
39,127, 09/12/14,,
40,136, 16/09/12,,
41,139, 20/08/13,,
42,141, 01/10/11,,
43,144, 13/07/15,,
44,145, 01/11/09,,
45,150, 10/05/13,,
46,151, 03/10/14,,
47,153, 10/05/13,,
48,155, 07/02/13,,
49,158, 13/07/15,,
50,162, 21/04/15,,
51,164, 29/10/12,,
52,165, 22/01/12,,
53,168, 17/07/12,,
54,170, 11/07/12,,
55,171, 16/01/12,,
56,173, 29/09/15,,
57,179, 19/07/12,,
58,181, 31/08/12,,
59,182, 16/09/12,,
60,186, 04/04/16,,
61,189, 20/04/15,,
62,191, 29/05/13,,
63,196, 03/12/14,,
64,199, 10/05/13,,
65,201, 10/05/15,,
66,203, 19/09/11,,
67,206, 26/07/16,,
68,206, 12/01/16,,
69,207, 13/10/12,,
70,209, 20/08/15,,
71,216, 23/08/12,,
72,217, 04/04/16,,
73,220, 19/07/12,,
74,223, 17/09/15,,
75,226, 06/01/12,,
76,229, 03/02/15,,
77,233, 30/08/13,,
78,236, 21/02/14,,
79,237, 10/05/13,,
80,238, 10/05/13,,
81,239, 14/07/15,,
82,240, 10/05/13,,
83,241, 03/04/13,,
84,243, 13/07/15,,
85,246, 10/05/13,,
86,249, 11/09/12,,
87,252, 10/05/13,,
88,255, 11/09/12,,
89,260, 12/01/16,,
90,262, 20/12/12,,
91,264, 16/01/12,,
92,271, 03/12/14,,
93,274, 12/08/14,,
94,278, 26/08/12,,
95,280, 14/07/15,,
96,281, 11/09/12,,
97,285, 14/07/15,,
98,292, 10/05/13,,
99,293, 18/03/12,,
100,294, 23/05/13,,
101,298, 22/11/13,,
102,307, 17/09/15,,
103,309, 12/08/14,,
104,310, 24/09/14,,
105,311, 30/08/13,,
106,314, 26/07/16,,
107,321, 01/09/14,,
108,323, 09/12/14,,
109,325, 20/08/15,,
110,327, 24/09/14,,
111,329, 16/05/12,,
112,332, 03/04/12,,
113,334, 29/08/11,,
114,337, 17/07/12,,
115,348, 12/01/16,,
116,349, 17/09/15,,
117,354, 10/05/13,,
118,356, 24/09/14,,
119,362, 06/04/11,,
120,364, 04/04/16,,
121,371, 11/09/12,,
122,375, 07/11/12,,
123,378, 14/07/15,,
124,379, 20/08/15,,
125,381, 26/07/16,,
126,381, 04/04/16,,
127,385, 17/09/15,,
128,388, 29/06/15,,
129,390, 04/04/16,,
130,393, 22/08/15,,
131,395, 03/12/14,,
132,402, 17/09/15,,
133,403, 24/09/14,,
134,412, 08/07/15,,
135,413, 13/07/15,,
136,420, 10/05/13,,
137,425, 29/06/15,,
138,429, 17/09/15,,
139,431, 19/07/12,,
140,432, 04/04/16,,
141,433, 26/07/12,,
142,435, 20/08/15,,
143,438, 20/12/12,,
144,439, 10/05/13,,
145,440, 17/09/15,,
146,441, 10/05/13,,
147,443, 10/05/13,,
148,448, 25/04/13,,
149,450, 19/07/12,,
150,453, 29/06/15,,
151,457, 03/02/15,,
152,461, 04/04/16,,
153,463, 26/07/16,,
154,463, 14/01/16,,
155,467, 26/07/16,,
156,471, 12/01/16,,
157,472, 03/08/13,,
158,477, 02/10/11,,
159,484, 20/08/15,,
160,489, 01/09/13,,
161,490, 10/05/13,,
162,491, 21/04/15,,
163,493, 14/07/15,,
164,496, 28/10/13,,
165,501, 03/02/15,,
166,507, 10/05/13,,
167,509, 19/07/12,,
168,511, 11/06/13,,
169,512, 26/07/16,,
170,512, 17/09/15,,
171,513, 17/09/15,,
172,515, 10/05/13,,
173,517, 17/09/15,,
174,518, 19/07/12,,
175,519, 21/04/15,,
176,520, 20/08/15,,
177,521, 10/05/13,,
178,522, 05/07/15,,
179,525, 17/09/15,,
180,528, 19/07/12,,
181,529, 15/04/13,,
182,537, 17/01/12,,
183,538, 10/05/13,,
184,543, 14/01/13,,
185,545, 09/05/12,,
186,549, 22/03/16,,
187,550, 25/11/12,,
188,555, 13/07/15,,
189,557, 20/08/15,,
190,558, 10/05/13,,
191,559, 25/12/15,,
192,559, 17/09/15,,
193,561, 03/02/15,,
194,567, 22/03/16,,
195,568, 05/07/15,,
196,569, 09/12/14,,
197,575, 29/05/16,,
198,575, 12/01/16,,
199,578, 20/12/12,,
200,582, 26/07/16,,
201,582, 22/03/16,,
202,585, 27/11/12,,
203,586, 29/05/16,,
204,586, 20/08/15,,
205,589, 03/02/15,,
206,591, 17/09/15,,
207,592, 03/12/14,,
208,596, 10/05/13,,
209,602, 10/05/13,,
210,604, 10/05/13,,
211,611, 04/04/16,,
212,615, 10/05/13,,
213,622, 14/07/15,,
214,623, 03/12/12,,
215,624, 03/08/13,,
216,628, 21/04/12,,
217,630, 16/05/13,,
218,639, 21/04/15,,
219,640, 24/09/14,,
220,641, 16/05/13,,
221,643, 20/08/15,,
222,644, 10/05/13,,
223,663, 17/09/15,,
224,665, 12/08/14,,
225,666, 22/03/16,,
226,675, 10/05/13,,
227,677, 20/08/15,,
228,678, 10/05/13,,
229,684, 24/09/14,,
230,689, 19/09/12,,
231,690, 10/05/13,,
232,694, 05/07/15,,
233,696, 10/05/13,,
234,698, 26/07/16,,
235,699, 09/09/13,,
236,701, 31/08/15,,
237,723, 10/05/13,,
238,728, 02/02/14,,
239,735, 26/02/14,,
240,736, 10/05/13,,
241,738, 04/04/16,,
242,739, 01/09/13,,
243,741, 05/04/16,,
244,745, 13/02/13,,
245,750, 10/05/13,,
246,751, 12/01/16,,
247,752, 18/11/12,,
248,754, 31/03/12,,
249,756, 21/04/15,,
250,757, 16/05/13,,
251,761, 29/06/15,,
252,765, 17/09/15,,
253,767, 20/03/12,,
254,772, 29/06/15,,
255,772, 05/06/15,,
256,773, 14/07/15,,
257,777, 06/12/12,,
258,778, 10/05/13,,
259,781, 14/07/15,,
260,782, 12/08/14,,
261,784, 04/04/16,,
262,799, 10/05/13,,
263,801, 13/07/15,,
264,806, 13/07/15,,
265,807, 24/09/14,,
266,814, 07/11/12,,
267,817, 29/06/15,,
268,821, 20/03/14,,
269,825, 05/07/15,,
270,849, 17/09/15,,
271,854, 14/07/15,,
272,859, 10/05/13,,
273,860, 03/12/14,,
274,861, 13/07/15,,
275,867, 17/09/15,,
276,874, 05/07/15,,
277,876, 03/02/15,,
278,900, 13/07/15,,
279,908, 20/08/15,,
280,911, 13/07/15,,
281,913, 12/08/14,,
282,915, 10/05/13,,
283,919, 24/09/14,,
284,923, 17/09/15,,
285,929, 13/02/13,,
286,930, 04/04/16,,
287,932, 10/05/13,,
288,933, 25/12/15,,
289,933, 14/07/15,,
290,938, 10/05/13,,
291,939, 31/08/15,,
292,944, 12/08/14,,
293,950, 20/12/12,,
294,952, 23/08/12,,
295,953, 26/07/16,,
296,953, 29/06/15,,
297,956, 22/03/16,,
298,958, 17/09/15,,
299,959, 29/06/15,,
300,960, 15/11/12,,
301,966, 21/04/15,,
302,967, 20/04/15,,
303,968, 29/09/15,,
304,970, 23/05/13,,
305,975, 13/07/15,,
306,976, 29/06/15,,
307,983, 26/07/16,,
308,983, 29/06/15,,
309,985, 13/07/15,,
310,986, 21/04/15,,
311,996, 25/04/13,,
312,997, 13/07/15,,
313,1000, 24/09/14,,
314,1010, 20/08/15,,
315,1011, 19/09/12,,
316,1014, 10/05/13,,
317,1015, 24/09/14,,
318,1020, 26/07/16,,
319,1020, 12/01/16,,
320,1022, 17/09/15,,
321,1024, 05/07/15,,
322,1027, 26/07/16,,
323,1027, 14/07/15,,
324,1028, 29/06/15,,
325,1029, 24/09/14,,
326,1033, 04/04/16,,
327,1039, 25/05/13,,
328,1042, 14/07/15,,
329,1047, 04/04/16,,
330,1049, 01/04/12,,
331,1051, 04/04/16,,
332,1055, 10/05/13,,
333,1059, 17/09/15,,
334,1064, 14/07/15,,
335,1067, 12/01/16,,
336,1068, 19/09/12,,
337,1070, 17/09/15,,
338,1071, 10/05/13,,
339,1073, 04/04/16,,
340,1076, 21/04/15,,
341,1081, 29/09/15,,
342,1086, 20/08/15,,
343,1095, 10/05/13,,
344,1097, 14/07/15,,
345,1098, 29/05/16,,
346,1098, 20/08/15,,
347,1102, 10/05/13,,
348,1106, 09/12/14,,
349,1107, 25/04/13,,
350,1108, 03/10/14,,
351,1111, 03/12/14,,
352,1113, 14/07/14,,
353,1116, 04/04/16,,
354,1120, 13/07/15,,
355,1122, 26/07/16,,
356,1122, 17/09/15,,
357,1125, 26/07/16,,
358,1125, 12/01/16,,
359,1126, 17/09/15,,
360,1127, 14/07/15,,
361,1135, 19/09/12,,
362,1137, 15/11/12,,
363,1140, 17/09/15,,
364,1141, 10/05/13,,
365,1142, 17/09/15,,
366,1143, 14/07/15,,
367,1145, 25/04/13,,
368,1146, 05/09/12,,
369,1150, 10/05/13,,
370,1151, 29/09/15,,
371,1151, 14/07/15,,
372,1154, 10/05/13,,
373,1155, 10/05/13,,
374,1157, 24/09/14,,
375,1160, 03/04/13,,
376,1161, 29/09/15,,
377,1161, 29/06/15,,
378,1162, 13/07/15,,
379,1165, 26/07/16,,
380,1165, 12/01/16,,
381,1168, 01/09/14,,
382,1169, 20/12/12,,
383,1170, 20/08/15,,
384,1182, 10/05/13,,
385,1184, 30/05/14,,
386,1184, 29/05/16,,
387,1187, 14/07/15,,
388,1189, 13/07/15,,
389,1190, 17/09/15,,
390,1191, 17/09/15,,
391,1198, 17/09/15,,
392,1210, 04/04/16,,
393,1211, 30/06/15,,
394,1212, 14/07/15,,
395,1214, 29/05/16,,
396,1214, 20/08/15,,
397,1217, 22/03/16,,
398,1219, 16/01/14,,
399,1223, 10/05/13,,
400,1225, 17/09/15,,
401,1227, 07/02/13,,
402,1230, 16/05/13,,
403,1232, 04/04/16,,
404,1233, 05/07/15,,
405,1235, 29/06/15,,
406,1238, 14/07/15,,
407,1241, 29/06/15,,
408,1244, 01/09/11,,
409,1248, 26/07/16,,
410,1248, 14/07/15,,
411,1251, 17/09/15,,
412,1257, 31/08/15,,
413,1258, 20/08/15,,
414,1260, 29/09/15,,
415,1261, 20/12/12,,
416,1265, 14/07/14,,
417,1266, 31/08/12,,
418,1267, 17/09/15,,
419,1269, 04/04/16,,
420,1274, 27/11/12,,
421,1281, 10/05/13,,
422,1283, 10/05/13,,
423,1286, 17/09/15,,
424,1287, 10/05/13,,
425,1294, 10/05/13,,
426,1295, 29/06/15,,
427,1296, 01/07/13,,
428,1299, 29/06/15,,
429,1302, 26/07/16,,
430,1302, 04/04/16,,
431,1304, 12/01/16,,
432,1306, 10/05/13,,
433,1308, 21/08/15,,
434,1312, 15/11/12,,
435,1315, 10/05/13,,
436,1318, 16/05/13,,
437,1325, 17/12/13,,
438,1332, 23/05/13,,
439,1333, 10/05/13,,
440,1335, 10/05/13,,
441,1338, 10/05/13,,
442,1339, 26/07/16,,
443,1339, 17/09/15,,
444,1341, 17/09/15,,
445,1342, 10/05/13,,
446,1346, 10/05/13,,
447,1353, 10/05/13,,
448,1358, 04/04/16,,
449,1359, 10/05/13,,
450,1360, 17/09/15,,
451,1361, 26/07/16,,
452,1361, 17/09/15,,
453,1362, 10/05/13,,
454,1368, 29/06/15,,
455,1369, 21/04/15,,
456,1370, 27/11/12,,
457,1372, 10/05/13,,
458,1377, 10/05/13,,
459,1378, 07/04/15,,
460,1379, 15/11/12,,
461,1380, 29/06/15,,
462,1385, 29/09/15,,
463,1386, 01/07/13,,
464,1387, 14/07/15,,
465,1388, 24/09/14,,
466,1398, 20/12/12,,
467,1399, 29/06/15,,
468,1402, 16/10/15,,
469,1402, 14/07/15,,
470,1412, 12/01/16,,
471,1414, 17/09/15,,
472,1417, 30/01/15,,
473,1418, 10/05/13,,
474,1422, 10/05/13,,
475,1426, 10/05/13,,
476,1427, 26/07/16,,
477,1427, 14/07/15,,
478,1433, 10/05/13,,
479,1437, 10/05/13,,
480,1439, 17/09/15,,
481,1440, 10/05/13,,
482,1441, 10/05/13,,
483,1447, 14/07/15,,
484,1450, 12/01/16,,
485,1451, 10/05/13,,
486,1458, 19/11/12,,
487,1462, 10/05/13,,
488,1466, 31/08/15,,
489,1467, 19/11/12,,
490,1469, 14/07/15,,
491,1470, 10/05/13,,
492,1474, 10/05/13,,
493,1477, 10/05/13,,
494,1478, 17/09/15,,
495,1481, 26/07/16,,
496,1481, 04/04/16,,
497,1483, 24/09/14,,
498,1485, 04/04/16,,
499,1486, 26/07/16,,
500,1486, 04/04/16,,
501,1496, 13/07/15,,
502,1498, 13/07/15,,
503,1500, 14/07/15,,
504,1503, 25/04/13,,
505,1504, 05/07/15,,
506,1505, 17/09/15,,
507,1506, 04/04/16,,
508,1507, 19/11/12,,
509,1509, 04/04/16,,
510,1510, 17/09/15,,
511,1514, 17/09/15,,
512,1518, 17/09/15,,
513,1520, 10/05/13,,
514,1534, 14/07/15,,
515,1535, 17/09/15,,
516,1538, 10/05/13,,
517,1546, 17/09/15,,
518,1564, 17/09/15,,
519,1570, 23/04/15,,
520,1577, 11/09/13,,
521,1587, 10/05/13,,
522,1589, 13/07/15,,
523,1591, 10/05/13,,
524,1593, 26/07/16,,
525,1593, 29/06/15,,
526,1599, 16/05/13,,
527,1600, 26/07/16,,
528,1600, 20/08/15,,
529,1602, 17/12/13,,
530,1605, 17/09/15,,
531,1607, 14/07/15,,
532,1615, 13/07/15,,
533,1616, 10/03/15,,
534,1617, 05/07/15,,
535,1618, 10/05/13,,
536,1621, 14/07/15,,
537,1622, 27/08/15,,
538,1626, 17/09/15,,
539,1631, 05/07/15,,
540,1634, 04/04/16,,
541,1638, 04/04/16,,
542,1643, 29/06/15,,
543,1644, 15/11/12,,
544,1649, 10/05/13,,
545,1651, 26/07/16,,
546,1651, 04/04/16,,
547,1663, 17/09/15,,
548,1666, 13/07/15,,
549,1667, 22/03/12,,
550,1669, 27/12/09,,
551,1671, 16/11/08,,
552,1672, 08/04/10,,
553,1674, 24/08/10,,
554,1676, 03/03/09,,
555,1677, 24/09/09,,
556,1678, 13/10/10,,
557,1680, 22/06/08,,
558,1681, 24/07/10,,
559,1683, 18/06/09,,
560,1685, 27/12/09,,
561,1686, 22/11/12,,
562,1689, 19/09/11,,
563,1691, 05/07/09,,
564,1694, 27/12/09,,
565,1699, 26/08/08,,
566,1700, 01/07/08,,
567,1701, 27/12/09,,
568,1702, 27/12/09,,
569,1703, 27/12/09,,
570,1704, 30/06/08,,
571,1705, 27/12/09,,
572,1706, 27/12/09,,
573,1708, 27/12/09,,
574,1709, 18/03/11,,
575,1713, 27/12/09,,
576,1714, 20/08/10,,
577,1715, 27/12/09,,
578,1717, 27/12/09,,
579,1718, 27/12/09,,
580,1721, 27/12/09,,
581,1722, 21/05/10,,
582,1726, 27/12/09,,
583,1728, 26/08/09,,
584,1729, 27/12/09,,
585,1730, 27/12/09,,
586,1732, 27/12/09,,
587,1734, 27/12/09,,
588,1735, 24/08/10,,
589,1736, 27/12/09,,
590,1738, 17/11/11,,
591,1739, 03/09/10,,
592,1740, 22/01/09,,
593,1743, 27/12/09,,
594,1744, 27/06/08,,
595,1745, 21/04/09,,
596,1746, 27/12/09,,
597,1747, 16/05/12,,
598,1750, 31/03/09,,
599,1751, 27/12/09,,
600,1752, 19/12/09,,
601,1753, 31/03/09,,
602,1756, 22/01/09,,
603,1757, 26/07/10,,
604,1760, 27/12/09,,
605,1761, 04/10/09,,
606,1762, 20/06/08,,
607,1765, 13/10/10,,
608,1766, 17/05/10,,
609,1769, 18/05/10,,
610,1770, 27/12/09,,
611,1773, 27/12/09,,
612,1774, 27/12/09,,
613,1775, 25/02/11,,
614,1776, 26/11/09,,
615,1777, 25/12/10,,
616,1778, 26/06/09,,
617,1779, 21/07/11,,
618,1780, 24/08/10,,
619,1782, 27/12/09,,
620,1783, 27/12/09,,
621,1786, 25/06/09,,
622,1787, 06/06/09,,
623,1789, 31/03/09,,
624,1791, 10/08/10,,
625,1793, 30/09/11,,
626,1795, 27/12/09,,
627,1796, 27/12/09,,
628,1797, 24/08/10,,
629,1798, 27/08/09,,
630,1799, 27/12/09,,
631,1800, 27/12/09,,
632,1801, 27/12/09,,
633,1802, 27/12/09,,
634,1803, 27/12/09,,
635,1805, 27/12/09,,
636,1806, 09/09/10,,
637,1807, 27/12/09,,
638,1808, 27/12/09,,
639,1812, 27/12/09,,
640,1817, 24/08/10,,
641,1818, 27/12/09,,
642,1819, 06/04/10,,
643,1820, 27/12/09,,
644,1821, 24/08/10,,
645,1822, 27/12/09,,
646,1823, 24/12/09,,
647,1824, 23/10/11,,
648,1826, 22/03/12,,
649,1827, 27/12/09,,
650,1830, 13/10/10,,
651,1832, 01/01/11,,
652,1833, 29/07/10,,
653,1834, 27/12/09,,
654,1836, 30/06/08,,
655,1837, 04/07/09,,
656,1840, 27/12/09,,
657,1843, 27/12/09,,
658,1844, 27/12/09,,
659,1845, 27/12/09,,
660,1846, 16/01/12,,
661,1847, 27/12/09,,
662,1848, 06/11/09,,
663,1851, 27/12/09,,
664,1852, 29/07/10,,
665,1853, 13/10/10,,
666,1854, 27/12/09,,
667,1855, 27/12/09,,
668,1858, 13/10/10,,
669,1859, 20/09/08,,
670,1860, 21/07/11,,
671,1861, 30/08/09,,
672,1862, 27/12/09,,
673,1863, 16/01/12,,
674,1864, 27/12/09,,
675,1865, 27/12/09,,
676,1868, 06/11/09,,
677,1869, 27/12/09,,
678,1870, 16/01/12,,
679,1871, 27/12/09,,
680,1873, 27/12/09,,
681,1874, 12/02/13,,
682,1875, 27/12/09,,
683,1876, 06/11/09,,
684,1877, 22/10/09,,
685,1878, 27/12/09,,
686,1880, 27/12/09,,
687,1883, 01/07/13,,
688,1885, 27/12/09,,
689,1887, 27/12/09,,
690,1888, 27/12/09,,
691,1890, 14/10/08,,
692,1891, 27/12/09,,
693,1893, 27/12/09,,
694,1894, 30/03/11,,
695,1895, 17/12/10,,
696,1896, 06/10/09,,
697,1897, 01/03/09,,
698,1898, 28/06/09,,
699,1899, 27/12/09,,
700,1902, 14/11/11,,
701,1904, 07/02/09,,
702,1905, 15/04/13,,
703,1906, 21/02/09,,
704,1908, 23/04/11,,
705,1909, 11/09/12,,
706,1911, 25/11/09,,
707,1913, 19/07/09,,
708,1915, 22/04/10,,
709,1917, 27/12/09,,
710,1918, 20/06/09,,
711,1920, 28/12/09,,
712,1921, 30/10/10,,
713,1922, 09/02/09,,
714,1923, 20/10/10,,
715,1925, 27/12/09,,
716,1926, 01/09/10,,
717,1927, 17/05/10,,
718,1930, 13/10/10,,
719,1932, 04/08/09,,
720,1933, 18/01/09,,
721,1934, 19/08/09,,
722,1936, 05/04/12,,
723,1937, 14/04/10,,
724,1938, 25/06/09,,
725,1940, 11/09/11,,
726,1941, 13/09/08,,
727,1942, 19/07/12,,
728,1943, 30/09/09,,
729,1944, 14/09/09,,
730,1946, 24/08/10,,
731,1947, 24/08/10,,
732,1948, 28/12/09,,
733,1949, 15/11/11,,
734,1950, 31/03/09,,
735,1952, 12/01/12,,
736,1954, 03/08/13,,
737,1955, 17/07/12,,
738,1956, 28/08/09,,
739,1957, 29/03/10,,
740,1958, 13/10/10,,
741,1960, 11/07/12,,
742,1963, 24/04/15,,
743,1964, 26/12/09,,
744,1966, 14/11/11,,
745,1967, 24/12/09,,
746,1968, 15/11/11,,
747,1969, 13/10/10,,
748,1970, 25/12/09,,
749,1971, 15/04/13,,
750,1974, 27/12/09,,
751,1976, 11/07/12,,
752,1977, 13/06/09,,
753,1980, 17/09/08,,
754,1981, 15/01/12,,
755,1983, 20/01/09,,
756,1984, 14/05/10,,
757,1985, 06/11/09,,
758,1986, 20/09/10,,
759,1987, 23/08/12,,
760,1988, 01/09/13,,
761,1989, 15/11/11,,
762,1991, 05/03/09,,
763,1992, 13/10/10,,
764,1993, 18/09/11,,
765,1994, 04/08/09,,
766,1995, 06/06/11,,
767,1996, 13/06/09,,
768,1997, 06/09/10,,
769,1998, 25/11/12,,
770,1999, 17/04/10,,
771,2000, 08/11/11,,
772,2001, 30/05/13,,
773,2002, 29/04/10,,
774,2003, 21/12/09,,
775,2005, 24/09/09,,
776,2006, 12/11/10,,
777,2007, 22/06/09,,
778,2008, 15/05/09,,
779,2009, 27/12/10,,
780,2011, 14/05/10,,
781,2012, 01/09/13,,
782,2014, 22/03/14,,
783,2017, 27/12/09,,
784,2018, 24/12/09,,
785,2019, 27/09/10,,
786,2020, 04/10/10,,
787,2021, 03/08/10,,
788,2022, 24/09/09,,
789,2023, 04/03/09,,
790,2024, 11/07/10,,
791,2025, 17/09/10,,
792,2026, 27/12/09,,
793,2027, 27/12/09,,
794,2028, 11/10/10,,
795,2029, 05/04/11,,
796,2030, 25/11/08,,
797,2031, 09/05/12,,
798,2035, 10/05/12,,
799,2036, 11/02/09,,
800,2038, 13/10/10,,
801,2039, 11/09/10,,
802,2040, 13/10/10,,
803,2041, 28/03/11,,
804,2042, 20/12/12,,
805,2044, 21/07/11,,
806,2046, 13/10/10,,
807,2047, 24/08/10,,
808,2048, 27/12/10,,
809,2049, 26/08/10,,
810,2050, 27/12/09,,
811,2051, 06/06/11,,
812,2053, 27/12/09,,
813,2054, 22/03/12,,
814,2055, 15/11/11,,
815,2056, 13/10/10,,
816,2057, 04/04/11,,
817,2058, 24/08/10,,
818,2059, 02/09/09,,
819,2061, 17/06/09,,
820,2062, 20/10/10,,
821,2063, 14/12/09,,
822,2064, 18/08/10,,
823,2065, 25/12/09,,
824,2067, 13/10/10,,
825,2069, 31/08/09,,
826,2071, 27/12/09,,
827,2072, 24/09/09,,
828,2075, 04/10/10,,
829,2076, 27/12/09,,
830,2077, 26/03/09,,
831,2078, 25/11/12,,
832,2080, 21/05/14,,
833,2081, 19/04/09,,
834,2082, 27/12/09,,
835,2083, 19/09/11,,
836,2084, 27/12/09,,
837,2086, 26/06/10,,
838,2089, 28/10/13,,
839,2091, 27/12/09,,
840,2092, 27/12/09,,
841,2093, 26/07/11,,
842,2094, 10/06/09,,
843,2095, 01/09/13,,
844,2096, 27/12/09,,
845,2100, 24/04/13,,
846,2101, 24/01/13,,
847,2103, 15/03/11,,
848,2104, 30/08/09,,
849,2105, 01/05/11,,
850,2106, 27/05/10,,
851,2107, 27/12/09,,
852,2108, 19/05/10,,
853,2109, 24/08/10,,
854,2112, 01/07/11,,
855,2113, 27/12/09,,
856,2115, 27/12/09,,
857,2116, 16/05/09,,
858,2117, 27/12/09,,
859,2119, 21/08/09,,
860,2120, 08/04/13,,
861,2121, 08/10/08,,
862,2122, 30/05/10,,
863,2123, 01/09/13,,
864,2124, 27/12/09,,
865,2125, 27/12/09,,
866,2126, 13/10/10,,
867,2127, 05/03/12,,
868,2128, 23/03/14,,
869,2129, 27/06/11,,
870,2131, 31/03/09,,
871,2132, 29/03/09,,
872,2133, 27/12/09,,
873,2134, 29/11/11,,
874,2135, 28/03/10,,
875,2136, 27/12/09,,
876,2137, 23/09/10,,
877,2138, 24/08/08,,
878,2139, 11/07/12,,
879,2140, 27/12/09,,
880,2141, 17/03/11,,
881,2143, 18/05/10,,
882,2144, 30/11/12,,
883,2146, 25/10/10,,
884,2147, 26/02/10,,
885,2148, 23/07/11,,
886,2149, 11/07/10,,
887,2150, 24/08/10,,
888,2152, 29/05/10,,
889,2153, 14/07/14,,
890,2155, 26/12/09,,
891,2156, 30/08/10,,
892,2159, 18/05/11,,
893,2160, 24/12/10,,
894,2161, 29/05/10,,
895,2162, 16/04/11,,
896,2164, 17/05/10,,
897,2165, 17/09/15,,
898,2166, 20/08/15,,
899,2168, 05/05/09,,
900,2169, 11/07/12,,
901,2171, 08/10/10,,
902,2173, 07/02/14,,
903,2174, 24/08/10,,
904,2178, 26/11/09,,
905,2179, 14/01/13,,
906,2180, 25/11/12,,
907,2181, 12/10/11,,
908,2183, 29/03/10,,
909,2184, 27/12/09,,
910,2185, 04/09/10,,
911,2186, 27/12/09,,
912,2187, 27/12/09,,
913,2188, 13/06/09,,
914,2190, 07/02/13,,
915,2192, 05/04/12,,
916,2193, 27/12/09,,
917,2194, 27/12/09,,
918,2199, 22/06/08,,
919,2200, 24/08/10,,
920,2201, 03/02/15,,
921,2202, 27/12/09,,
922,2203, 22/12/10,,
923,2204, 27/09/11,,
924,2206, 22/03/12,,
925,2207, 27/12/09,,
926,2208, 27/12/09,,
927,2210, 27/12/09,,
928,2211, 20/09/10,,
929,2212, 24/08/10,,
930,2215, 06/03/09,,
931,2216, 27/12/09,,
932,2217, 27/12/09,,
933,2218, 20/04/10,,
934,2219, 24/08/10,,
935,2220, 28/07/09,,
936,2221, 28/12/09,,
937,2222, 31/03/09,,
938,2223, 13/10/10,,
939,2224, 13/10/10,,
940,2226, 29/09/15,,
941,2230, 08/04/11,,
942,2231, 27/12/09,,
943,2232, 29/05/10,,
944,2233, 13/10/10,,
945,2234, 19/09/10,,
946,2235, 27/12/09,,
947,2236, 19/07/12,,
948,2237, 21/03/14,,
949,2238, 27/12/09,,
950,2239, 23/04/11,,
951,2240, 27/08/10,,
952,2241, 16/01/14,,
953,2243, 31/03/09,,
954,2244, 18/09/11,,
955,2246, 22/07/11,,
956,2247, 31/03/09,,
957,2248, 27/12/09,,
958,2249, 08/06/10,,
959,2250, 27/12/09,,
960,2251, 26/07/10,,
961,2252, 29/09/11,,
962,2253, 13/06/09,,
963,2255, 17/01/10,,
964,2256, 25/03/11,,
965,2257, 08/06/09,,
966,2258, 29/05/10,,
967,2259, 17/10/10,,
968,2260, 01/09/10,,
969,2261, 21/01/14,,
970,2262, 02/09/13,,
971,2263, 24/08/10,,
972,2264, 20/09/11,,
973,2267, 27/12/09,,
974,2268, 25/03/14,,
975,2270, 15/09/10,,
976,2271, 27/12/09,,
977,2274, 24/08/10,,
978,2276, 27/12/09,,
979,2277, 09/12/09,,
980,2278, 23/08/12,,
981,2279, 11/07/12,,
982,2280, 31/03/09,,
983,2281, 01/07/13,,
984,2282, 11/10/10,,
985,2283, 23/06/09,,
986,2284, 19/01/10,,
987,2285, 27/12/09,,
988,2287, 28/06/08,,
989,2288, 28/09/10,,
990,2289, 13/10/10,,
991,2291, 16/01/14,,
992,2293, 27/12/09,,
993,2294, 01/10/10,,
994,2295, 23/12/09,,
995,2296, 03/11/13,,
996,2297, 24/09/10,,
997,2298, 21/07/11,,
998,2299, 27/12/09,,
999,2301, 24/09/09,,
1000,2302, 21/08/10,,
1001,2303, 26/02/10,,
1002,2304, 26/02/14,,
1003,2305, 28/12/09,,
1004,2306, 15/04/13,,
1005,2308, 27/12/09,,
1006,2309, 31/03/09,,
1007,2310, 20/12/12,,
1008,2313, 20/08/15,,
1009,2314, 31/07/09,,
1010,2315, 25/11/12,,
1011,2316, 25/03/10,,
1012,2318, 03/02/15,,
1013,2319, 21/09/11,,
1014,2320, 09/01/10,,
1015,2321, 16/10/08,,
1016,2322, 14/04/11,,
1017,2323, 29/09/15,,
1018,2323, 14/07/15,,
1019,2325, 23/08/12,,
1020,2326, 01/09/13,,
1021,2327, 16/01/12,,
1022,2329, 29/04/10,,
1023,2330, 22/12/10,,
1024,2331, 12/08/14,,
1025,2333, 13/10/10,,
1026,2335, 27/12/09,,
1027,2336, 22/12/11,,
1028,2337, 06/05/11,,
1029,2338, 24/08/10,,
1030,2339, 16/01/12,,
1031,2340, 15/06/09,,
1032,2341, 01/03/12,,
1033,2342, 27/12/09,,
1034,2343, 15/04/13,,
1035,2344, 26/07/11,,
1036,2345, 15/11/11,,
1037,2346, 27/12/09,,
1038,2347, 16/03/12,,
1039,2348, 23/04/10,,
1040,2349, 17/09/15,,
1041,2350, 03/03/12,,
1042,2351, 25/06/09,,
1043,2352, 26/09/13,,
1044,2353, 19/05/10,,
1045,2354, 03/10/14,,
1046,2355, 03/10/14,,
1047,2356, 28/06/08,,
1048,2357, 27/12/09,,
1049,2358, 11/07/12,,
1050,2359, 07/12/08,,
1051,2360, 22/11/12,,
1052,2361, 13/10/10,,
1053,2362, 25/10/09,,
1054,2363, 19/04/10,,
1055,2365, 03/07/09,,
1056,2367, 07/10/09,,
1057,2368, 24/03/12,,
1058,2369, 24/09/13,,
1059,2371, 08/03/12,,
1060,2373, 13/10/10,,
1061,2374, 27/12/09,,
1062,2376, 21/05/14,,
1063,2377, 24/08/10,,
1064,2378, 10/06/11,,
1065,2379, 14/06/09,,
1066,2380, 01/08/11,,
1067,2382, 19/07/09,,
1068,2384, 01/08/11,,
1069,2385, 27/12/09,,
1070,2386, 18/09/11,,
1071,2387, 24/09/09,,
1072,2388, 26/12/10,,
1073,2389, 05/10/10,,
1074,2390, 02/05/09,,
1075,2391, 11/07/12,,
1076,2392, 16/08/13,,
1077,2393, 13/10/10,,
1078,2394, 25/03/10,,
1079,2395, 25/06/09,,
1080,2397, 19/04/11,,
1081,2398, 19/07/12,,
1082,2399, 27/04/10,,
1083,2402, 27/12/09,,
1084,2403, 13/05/10,,
1085,2404, 31/08/15,,
1086,2405, 07/02/13,,
1087,2406, 04/04/10,,
1088,2407, 01/04/09,,
1089,2408, 25/04/11,,
1090,2409, 23/02/10,,
1091,2410, 27/12/09,,
1092,2411, 23/09/12,,
1093,2413, 26/11/09,,
1094,2414, 25/03/10,,
1095,2415, 29/05/10,,
1096,2416, 24/01/13,,
1097,2418, 28/01/11,,
1098,2421, 09/12/14,,
1099,2423, 13/09/09,,
1100,2424, 27/12/09,,
1101,2425, 27/12/09,,
1102,2426, 27/12/09,,
1103,2427, 05/11/09,,
1104,2428, 23/08/11,,
1105,2429, 05/08/13,,
1106,2430, 26/11/09,,
1107,2431, 27/12/09,,
1108,2432, 22/12/09,,
1109,2433, 26/11/09,,
1110,2434, 27/12/09,,
1111,2435, 25/06/09,,
1112,2436, 29/05/10,,
1113,2437, 24/09/09,,
1114,2440, 27/12/09,,
1115,2441, 21/05/14,,
1116,2442, 17/04/12,,
1117,2443, 05/10/10,,
1118,2444, 31/08/12,,
1119,2445, 03/08/13,,
1120,2447, 11/03/11,,
1121,2448, 27/12/09,,
1122,2449, 05/09/10,,
1123,2451, 11/08/10,,
1124,2452, 27/12/09,,
1125,2454, 31/03/12,,
1126,2455, 27/12/09,,
1127,2456, 24/09/13,,
1128,2457, 14/09/10,,
1129,2458, 22/06/09,,
1130,2459, 12/07/12,,
1131,2460, 27/01/09,,
1132,2462, 11/07/12,,
1133,2463, 18/04/11,,
1134,2464, 13/10/10,,
1135,2465, 27/12/09,,
1136,2466, 25/03/10,,
1137,2467, 19/07/09,,
1138,2468, 29/11/10,,
1139,2469, 27/12/09,,
1140,2471, 18/08/10,,
1141,2473, 09/05/12,,
1142,2476, 14/07/14,,
1143,2477, 23/12/10,,
1144,2478, 22/12/10,,
1145,2479, 11/07/12,,
1146,2480, 05/05/11,,
1147,2481, 20/07/12,,
1148,2482, 08/11/11,,
1149,2484, 13/10/10,,
1150,2486, 16/06/10,,
1151,2490, 21/05/14,,
1152,2491, 04/05/11,,
1153,2492, 29/06/15,,
1154,2493, 24/03/10,,
1155,2495, 05/07/15,,
1156,2496, 18/08/13,,
1157,2497, 19/07/09,,
1158,2498, 07/06/09,,
1159,2499, 16/01/14,,
1160,2500, 30/08/10,,
1161,2501, 17/05/10,,
1162,2502, 15/01/13,,
1163,2503, 27/12/11,,
1164,2505, 25/04/11,,
1165,2506, 21/03/14,,
1166,2507, 01/06/13,,
1167,2508, 11/07/13,,
1168,2509, 03/10/14,,
1169,2511, 16/01/12,,
1170,2513, 20/12/12,,
1171,2514, 24/06/09,,
1172,2515, 16/01/12,,
1173,2516, 29/02/12,,
1174,2517, 17/09/15,,
1175,2519, 31/03/09,,
1176,2520, 31/08/12,,
1177,2521, 24/04/15,,
1178,2522, 20/12/12,,
1179,2523, 27/12/09,,
1180,2525, 03/12/14,,
1181,2528, 27/12/09,,
1182,2529, 21/03/10,,
1183,2530, 28/12/10,,
1184,2531, 18/10/11,,
1185,2532, 27/05/10,,
1186,2533, 17/09/15,,
1187,2534, 20/07/12,,
1188,2537, 21/05/14,,
1189,2538, 12/11/11,,
1190,2539, 16/05/10,,
1191,2540, 15/04/13,,
1192,2543, 18/09/10,,
1193,2544, 19/09/10,,
1194,2545, 25/11/12,,
1195,2547, 01/09/13,,
1196,2548, 16/08/13,,
1197,2549, 24/01/13,,
1198,2552, 17/04/12,,
1199,2553, 08/09/10,,
1200,2555, 23/08/10,,
1201,2556, 25/03/10,,
1202,2558, 27/12/09,,
1203,2559, 01/06/10,,
1204,2560, 01/09/13,,
1205,2562, 25/06/09,,
1206,2563, 26/07/10,,
1207,2564, 25/04/13,,
1208,2566, 21/01/14,,
1209,2567, 10/06/10,,
1210,2568, 24/04/13,,
1211,2569, 27/12/09,,
1212,2570, 24/08/10,,
1213,2571, 22/11/12,,
1214,2572, 13/07/15,,
1215,2573, 19/07/12,,
1216,2574, 27/12/09,,
1217,2576, 03/08/13,,
1218,2577, 27/12/09,,
1219,2578, 04/05/11,,
1220,2579, 27/12/09,,
1221,2580, 07/02/14,,
1222,2582, 27/07/10,,
1223,2583, 23/01/11,,
1224,2584, 12/10/11,,
1225,2585, 27/12/09,,
1226,2586, 12/08/11,,
1227,2587, 13/09/10,,
1228,2588, 20/11/10,,
1229,2589, 06/02/13,,
1230,2591, 16/03/12,,
1231,2592, 14/05/13,,
1232,2593, 20/09/11,,
1233,2595, 05/06/09,,
1234,2597, 27/12/11,,
1235,2598, 27/12/09,,
1236,2599, 05/09/10,,
1237,2601, 22/01/09,,
1238,2602, 27/12/09,,
1239,2603, 24/08/10,,
1240,2604, 06/11/09,,
1241,2605, 26/05/10,,
1242,2607, 27/12/09,,
1243,2608, 27/07/11,,
1244,2609, 26/11/11,,
1245,2610, 22/09/10,,
1246,2611, 07/03/13,,
1247,2613, 27/12/09,,
1248,2614, 26/11/11,,
1249,2616, 16/01/12,,
1250,2617, 13/10/10,,
1251,2618, 01/06/11,,
1252,2620, 24/08/10,,
1253,2621, 17/02/11,,
1254,2623, 27/12/09,,
1255,2625, 19/07/12,,
1256,2626, 25/04/13,,
1257,2627, 09/03/13,,
1258,2628, 10/12/10,,
1259,2631, 25/09/11,,
1260,2634, 12/08/14,,
1261,2635, 27/07/11,,
1262,2636, 06/09/10,,
1263,2637, 14/11/11,,
1264,2638, 24/04/15,,
1265,2639, 05/07/15,,
1266,2640, 03/09/10,,
1267,2641, 01/09/13,,
1268,2642, 14/07/08,,
1269,2643, 27/12/09,,
1270,2644, 06/09/10,,
1271,2646, 03/02/15,,
1272,2647, 29/09/11,,
1273,2650, 25/06/09,,
1274,2651, 27/12/09,,
1275,2654, 22/11/12,,
1276,2656, 29/07/08,,
1277,2657, 27/12/09,,
1278,2658, 20/07/12,,
1279,2659, 27/12/09,,
1280,2660, 19/09/11,,
1281,2661, 19/09/10,,
1282,2663, 27/11/09,,
1283,2664, 30/07/12,,
1284,2666, 24/08/10,,
1285,2668, 27/12/09,,
1286,2669, 27/12/09,,
1287,2670, 23/08/12,,
1288,2672, 01/09/13,,
1289,2673, 24/12/09,,
1290,2674, 26/09/10,,
1291,2675, 06/04/10,,
1292,2676, 17/02/12,,
1293,2677, 22/03/11,,
1294,2678, 05/08/10,,
1295,2679, 01/09/13,,
1296,2680, 03/09/10,,
1297,2681, 12/10/11,,
1298,2682, 16/01/14,,
1299,2683, 09/09/10,,
1300,2685, 17/05/10,,
1301,2686, 05/03/09,,
1302,2687, 26/02/10,,
1303,2688, 22/12/10,,
1304,2689, 10/07/10,,
1305,2690, 26/11/11,,
1306,2693, 31/08/15,,
1307,2694, 24/08/10,,
1308,2695, 27/12/09,,
1309,2696, 05/07/15,,
1310,2697, 17/09/10,,
1311,2699, 27/08/11,,
1312,2700, 24/01/13,,
1313,2701, 17/06/11,,
1314,2702, 27/12/09,,
1315,2703, 15/04/13,,
1316,2705, 24/08/10,,
1317,2706, 11/06/11,,
1318,2707, 21/02/14,,
1319,2709, 19/04/10,,
1320,2710, 27/12/09,,
1321,2711, 17/09/15,,
1322,2712, 22/03/12,,
1323,2714, 03/02/15,,
1324,2716, 03/10/14,,
1325,2717, 15/05/11,,
1326,2718, 22/09/13,,
1327,2719, 20/12/12,,
1328,2720, 21/04/14,,
1329,2721, 20/01/11,,
1330,2724, 20/06/11,,
1331,2725, 30/05/15,,
1332,2726, 14/11/11,,
1333,2727, 27/12/09,,
1334,2728, 10/05/13,,
1335,2729, 11/07/12,,
1336,2732, 21/04/15,,
1337,2733, 20/08/10,,
1338,2736, 24/01/13,,
1339,2737, 15/08/12,,
1340,2738, 15/02/12,,
1341,2741, 02/10/10,,
1342,2742, 15/11/11,,
1343,2744, 25/07/10,,
1344,2745, 12/10/11,,
1345,2746, 25/10/09,,
1346,2747, 03/11/10,,
1347,2748, 18/07/12,,
1348,2749, 08/07/12,,
1349,2751, 03/10/10,,
1350,2752, 11/07/12,,
1351,2754, 27/12/09,,
1352,2755, 05/07/15,,
1353,2756, 08/07/11,,
1354,2757, 13/10/10,,
1355,2758, 20/07/12,,
1356,2761, 04/03/12,,
1357,2765, 07/05/13,,
1358,2768, 16/01/12,,
1359,2769, 27/12/09,,
1360,2771, 06/06/09,,
1361,2772, 29/12/09,,
1362,2773, 19/10/10,,
1363,2775, 15/11/10,,
1364,2776, 28/12/09,,
1365,2777, 19/11/12,,
1366,2778, 13/07/10,,
1367,2779, 13/10/10,,
1368,2780, 26/02/14,,
1369,2781, 20/01/11,,
1370,2783, 14/09/09,,
1371,2784, 19/01/10,,
1372,2785, 23/03/12,,
1373,2786, 31/07/11,,
1374,2787, 14/11/11,,
1375,2788, 05/06/09,,
1376,2790, 27/04/13,,
1377,2791, 06/11/09,,
1378,2792, 10/11/12,,
1379,2795, 01/09/13,,
1380,2796, 20/09/11,,
1381,2800, 04/04/16,,
1382,2805, 10/05/13,,
1383,2806, 07/04/10,,
1384,2807, 24/09/13,,
1385,2809, 03/08/13,,
1386,2810, 20/12/12,,
1387,2811, 20/12/12,,
1388,2812, 02/04/10,,
1389,2813, 17/11/11,,
1390,2814, 27/12/09,,
1391,2816, 30/09/10,,
1392,2817, 29/06/15,,
1393,2818, 23/09/10,,
1394,2819, 01/09/11,,
1395,2820, 27/12/09,,
1396,2821, 01/09/13,,
1397,2822, 14/09/10,,
1398,2823, 21/10/10,,
1399,2824, 12/01/16,,
1400,2827, 22/03/12,,
1401,2829, 30/05/13,,
1402,2830, 03/02/15,,
1403,2831, 18/10/11,,
1404,2832, 14/07/10,,
1405,2834, 15/11/11,,
1406,2835, 25/12/10,,
1407,2836, 25/11/12,,
1408,2837, 17/05/10,,
1409,2838, 20/10/11,,
1410,2839, 27/12/09,,
1411,2840, 01/09/13,,
1412,2841, 19/09/11,,
1413,2842, 20/09/10,,
1414,2843, 18/07/11,,
1415,2844, 19/09/11,,
1416,2845, 01/09/13,,
1417,2846, 20/12/09,,
1418,2848, 27/12/10,,
1419,2849, 24/09/14,,
1420,2850, 05/08/10,,
1421,2852, 03/02/15,,
1422,2854, 15/11/11,,
1423,2855, 01/09/13,,
1424,2856, 27/12/11,,
1425,2857, 20/08/15,,
1426,2858, 22/12/10,,
1427,2859, 22/09/11,,
1428,2861, 13/09/10,,
1429,2863, 18/12/09,,
1430,2864, 30/06/10,,
1431,2866, 28/12/09,,
1432,2867, 20/12/12,,
1433,2869, 13/01/13,,
1434,2870, 15/02/12,,
1435,2872, 08/05/13,,
1436,2873, 29/06/15,,
1437,2875, 29/10/09,,
1438,2876, 17/09/15,,
1439,2877, 26/12/10,,
1440,2878, 27/12/09,,
1441,2879, 07/09/10,,
1442,2880, 19/09/11,,
1443,2881, 27/12/09,,
1444,2882, 13/07/10,,
1445,2883, 22/11/12,,
1446,2884, 21/05/14,,
1447,2885, 13/11/10,,
1448,2887, 25/07/11,,
1449,2888, 03/08/13,,
1450,2889, 09/08/11,,
1451,2891, 16/01/14,,
1452,2893, 22/09/09,,
1453,2896, 21/09/10,,
1454,2897, 22/11/13,,
1455,2900, 05/06/09,,
1456,2901, 23/09/12,,
1457,2902, 22/03/12,,
1458,2903, 09/07/09,,
1459,2904, 31/01/10,,
1460,2905, 10/12/09,,
1461,2906, 03/12/11,,
1462,2908, 01/07/13,,
1463,2909, 21/07/11,,
1464,2911, 21/04/14,,
1465,2913, 10/05/13,,
1466,2915, 29/06/15,,
1467,2916, 14/09/09,,
1468,2917, 26/12/09,,
1469,2918, 14/09/10,,
1470,2919, 27/12/09,,
1471,2920, 22/11/12,,
1472,2921, 11/04/12,,
1473,2922, 11/07/12,,
1474,2923, 09/05/11,,
1475,2925, 12/09/09,,
1476,2927, 11/09/12,,
1477,2928, 04/06/09,,
1478,2929, 20/03/11,,
1479,2931, 07/10/09,,
1480,2932, 03/08/13,,
1481,2933, 20/08/15,,
1482,2934, 26/02/14,,
1483,2936, 20/12/12,,
1484,2937, 13/02/13,,
1485,2938, 11/07/12,,
1486,2940, 12/07/10,,
1487,2941, 17/09/15,,
1488,2942, 22/03/12,,
1489,2943, 29/06/15,,
1490,2947, 31/07/13,,
1491,2949, 11/09/09,,
1492,2952, 29/05/16,,
1493,2952, 17/09/15,,
1494,2954, 04/09/10,,
1495,2955, 23/07/11,,
1496,2956, 07/02/13,,
1497,2957, 01/04/11,,
1498,2958, 30/09/10,,
1499,2960, 23/08/11,,
1500,2961, 16/01/12,,
1501,2962, 11/07/12,,
1502,2963, 24/04/11,,
1503,2964, 14/01/12,,
1504,2965, 28/12/09,,
1505,2968, 15/08/12,,
1506,2969, 29/06/15,,
1507,2970, 12/08/14,,
1508,2971, 25/12/09,,
1509,2972, 21/01/14,,
1510,2973, 15/04/13,,
1511,2974, 14/11/11,,
1512,2975, 28/05/10,,
1513,2976, 13/06/09,,
1514,2977, 23/12/09,,
1515,2978, 11/07/12,,
1516,2979, 11/09/12,,
1517,2981, 23/08/11,,
1518,2982, 25/11/12,,
1519,2983, 13/10/10,,
1520,2984, 18/12/09,,
1521,2985, 21/04/14,,
1522,2986, 21/02/14,,
1523,2987, 15/04/13,,
1524,2989, 22/05/11,,
1525,2995, 17/04/12,,
1526,2996, 10/09/10,,
1527,2997, 25/12/09,,
1528,2998, 22/12/09,,
1529,2999, 10/02/14,,
1530,3000, 13/10/10,,
1531,3001, 29/06/15,,
1532,3002, 13/10/10,,
1533,3003, 19/07/12,,
1534,3005, 24/12/09,,
1535,3007, 23/03/14,,
1536,3009, 03/02/15,,
1537,3010, 30/06/11,,
1538,3011, 29/12/09,,
1539,3012, 17/12/13,,
1540,3013, 29/10/11,,
1541,3016, 31/03/10,,
1542,3019, 27/12/09,,
1543,3022, 21/03/14,,
1544,3024, 01/06/09,,
1545,3026, 10/08/11,,
1546,3027, 28/06/11,,
1547,3029, 23/04/11,,
1548,3032, 24/04/15,,
1549,3033, 16/09/10,,
1550,3035, 15/11/11,,
1551,3037, 22/11/13,,
1552,3038, 27/12/09,,
1553,3042, 27/12/09,,
1554,3044, 18/01/11,,
1555,3047, 10/09/10,,
1556,3049, 27/12/09,,
1557,3052, 07/03/13,,
1558,3054, 28/05/10,,
1559,3056, 27/12/09,,
1560,3058, 12/10/11,,
1561,3059, 17/09/15,,
1562,3060, 13/02/13,,
1563,3061, 17/04/12,,
1564,3062, 20/08/15,,
1565,3066, 24/09/14,,
1566,3067, 30/06/11,,
1567,3068, 27/12/09,,
1568,3071, 29/05/16,,
1569,3071, 14/07/15,,
1570,3073, 26/07/12,,
1571,3074, 17/09/15,,
1572,3075, 25/12/10,,
1573,3078, 22/03/12,,
1574,3079, 20/12/12,,
1575,3082, 27/12/09,,
1576,3084, 27/12/09,,
1577,3085, 27/09/10,,
1578,3086, 17/09/11,,
1579,3087, 20/12/12,,
1580,3088, 22/12/10,,
1581,3089, 19/10/11,,
1582,3091, 27/12/09,,
1583,3092, 07/10/10,,
1584,3093, 27/12/09,,
1585,3094, 15/04/13,,
1586,3095, 15/11/11,,
1587,3096, 27/12/09,,
1588,3097, 01/08/11,,
1589,3098, 27/12/09,,
1590,3099, 27/12/09,,
1591,3101, 15/04/13,,
1592,3102, 20/07/12,,
1593,3104, 01/10/10,,
1594,3109, 26/07/16,,
1595,3109, 22/03/16,,
1596,3110, 20/07/11,,
1597,3111, 27/12/09,,
1598,3119, 27/12/09,,
1599,3123, 27/12/09,,
1600,3124, 15/02/12,,
1601,3126, 27/12/09,,
1602,3127, 23/08/12,,
1603,3129, 11/03/11,,
1604,3138, 12/10/11,,
1605,3139, 23/04/11,,
1606,3140, 27/12/09,,
1607,3151, 11/07/12,,
1608,3156, 27/12/09,,
1609,3157, 17/12/13,,
1610,3158, 17/09/15,,
1611,3159, 09/09/09,,
1612,3161, 26/02/14,,
1613,3165, 28/03/10,,
1614,3166, 12/03/12,,
1615,3167, 10/10/09,,
1616,3169, 20/12/12,,
1617,3173, 22/11/12,,
1618,3175, 11/10/10,,
1619,3176, 10/05/13,,
1620,3178, 20/07/13,,
1621,3179, 20/05/10,,
1622,3181, 04/04/12,,
1623,3182, 13/07/11,,
1624,3183, 15/11/11,,
1625,3184, 14/07/15,,
1626,3185, 05/09/10,,
1627,3186, 04/07/11,,
1628,3187, 04/04/16,,
1629,3190, 14/04/11,,
1630,3193, 21/02/14,,
1631,3195, 27/12/09,,
1632,3197, 24/01/13,,
1633,3200, 17/09/15,,
1634,3202, 04/04/16,,
1635,3203, 17/11/11,,
1636,3206, 27/12/09,,
1637,3208, 14/10/10,,
1638,3209, 30/04/12,,
1639,3210, 14/07/15,,
1640,3211, 01/08/11,,
1641,3214, 23/08/11,,
1642,3217, 30/03/11,,
1643,3218, 03/09/10,,
1644,3219, 07/09/10,,
1645,3222, 10/05/12,,
1646,3224, 05/11/10,,
1647,3225, 04/09/10,,
1648,3226, 20/01/15,,
1649,3227, 26/11/09,,
1650,3228, 22/03/12,,
1651,3229, 24/04/10,,
1652,3230, 15/11/11,,
1653,3231, 05/07/11,,
1654,3232, 11/07/10,,
1655,3233, 26/04/11,,
1656,3234, 26/03/12,,
1657,3240, 24/09/14,,
1658,3241, 17/02/11,,
1659,3243, 19/05/10,,
1660,3245, 12/01/16,,
1661,3246, 11/07/12,,
1662,3247, 24/12/09,,
1663,3248, 25/12/15,,
1664,3248, 17/09/15,,
1665,3249, 09/05/12,,
1666,3251, 12/08/14,,
1667,3252, 22/03/14,,
1668,3255, 24/04/10,,
1669,3256, 19/07/12,,
1670,3258, 30/10/16,,
1671,3258, 29/06/15,,
1672,3262, 16/01/12,,
1673,3264, 20/03/10,,
1674,3265, 01/07/13,,
1675,3267, 22/03/14,,
1676,3268, 26/07/11,,
1677,3269, 29/04/10,,
1678,3270, 01/06/10,,
1679,3277, 14/05/11,,
1680,3279, 19/07/12,,
1681,3280, 27/12/09,,
1682,3281, 22/03/11,,
1683,3282, 29/06/11,,
1684,3284, 14/10/10,,
1685,3286, 04/02/13,,
1686,3289, 15/02/11,,
1687,3291, 22/03/12,,
1688,3292, 21/09/10,,
1689,3293, 14/01/13,,
1690,3294, 07/11/12,,
1691,3295, 10/06/11,,
1692,3299, 23/09/10,,
1693,3305, 14/01/13,,
1694,3307, 15/09/10,,
1695,3310, 22/11/12,,
1696,3311, 20/07/12,,
1697,3312, 30/03/11,,
1698,3314, 26/04/11,,
1699,3315, 19/07/12,,
1700,3316, 30/04/10,,
1701,3317, 01/03/09,,
1702,3318, 22/11/12,,
1703,3320, 15/11/11,,
1704,3321, 26/04/12,,
1705,3322, 19/07/12,,
1706,3323, 13/10/10,,
1707,3324, 24/03/11,,
1708,3325, 22/12/10,,
1709,3328, 16/01/12,,
1710,3329, 24/09/14,,
1711,3330, 22/08/10,,
1712,3331, 01/08/11,,
1713,3332, 05/01/11,,
1714,3336, 19/09/11,,
1715,3339, 13/10/10,,
1716,3341, 22/11/12,,
1717,3345, 16/05/12,,
1718,3347, 25/04/15,,
1719,3349, 09/12/14,,
1720,3350, 13/10/10,,
1721,3351, 08/06/10,,
1722,3354, 09/12/10,,
1723,3355, 30/03/11,,
1724,3356, 13/03/12,,
1725,3359, 10/05/13,,
1726,3362, 11/07/11,,
1727,3364, 24/08/10,,
1728,3365, 15/02/12,,
1729,3366, 24/04/11,,
1730,3373, 05/07/15,,
1731,3377, 12/09/10,,
1732,3378, 01/10/10,,
1733,3380, 26/07/11,,
1734,3383, 13/03/12,,
1735,3386, 06/09/10,,
1736,3387, 30/06/10,,
1737,3388, 23/03/14,,
1738,3390, 01/06/11,,
1739,3391, 24/08/10,,
1740,3393, 13/09/12,,
1741,3394, 21/02/14,,
1742,3395, 24/04/13,,
1743,3398, 14/09/10,,
1744,3401, 20/08/15,,
1745,3403, 21/06/11,,
1746,3407, 13/07/15,,
1747,3408, 15/06/11,,
1748,3412, 27/09/10,,
1749,3413, 17/09/15,,
1750,3415, 31/10/14,,
1751,3416, 29/01/13,,
1752,3418, 02/09/10,,
1753,3421, 03/02/15,,
1754,3422, 16/01/12,,
1755,3423, 29/11/10,,
1756,3426, 22/04/10,,
1757,3427, 04/04/16,,
1758,3428, 17/09/15,,
1759,3431, 16/01/12,,
1760,3433, 30/07/13,,
1761,3434, 20/08/15,,
1762,3435, 12/01/16,,
1763,3436, 23/03/14,,
1764,3440, 06/02/13,,
1765,3442, 14/01/13,,
1766,3444, 13/07/15,,
1767,3445, 13/07/15,,
1768,3446, 21/04/15,,
1769,3449, 12/06/10,,
1770,3451, 17/09/15,,
1771,3452, 04/04/16,,
1772,3453, 16/01/12,,
1773,3458, 04/07/11,,
1774,3460, 26/11/11,,
1775,3462, 13/10/12,,
1776,3464, 21/02/14,,
1777,3466, 14/07/15,,
1778,3470, 17/04/12,,
1779,3471, 26/06/11,,
1780,3472, 17/09/15,,
1781,3474, 26/02/14,,
1782,3475, 26/06/10,,
1783,3477, 31/08/12,,
1784,3480, 12/01/16,,
1785,3481, 29/06/15,,
1786,3483, 03/12/14,,
1787,3486, 07/02/13,,
1788,3487, 24/02/12,,
1789,3488, 27/12/09,,
1790,3490, 27/12/09,,
1791,3491, 27/12/09,,
1792,3493, 27/12/09,,
1793,3495, 27/12/09,,
1794,3498, 27/12/09,,
1795,3500, 27/12/09,,
1796,3501, 07/03/13,,
1797,3507, 16/01/12,,
1798,3511, 23/01/11,,
1799,3512, 17/09/15,,
1800,3514, 20/08/15,,
1801,3524, 17/04/12,,
1802,3527, 12/08/11,,
1803,3528, 03/10/14,,
1804,3529, 14/01/13,,
1805,3530, 22/11/12,,
1806,3531, 16/01/12,,
1807,3534, 14/06/10,,
1808,3535, 03/02/15,,
1809,3541, 24/09/14,,
1810,3542, 17/09/15,,
1811,3543, 26/10/12,,
1812,3547, 01/04/12,,
1813,3553, 21/11/10,,
1814,3554, 04/10/11,,
1815,3556, 13/07/15,,
1816,3560, 02/08/11,,
1817,3564, 06/08/15,,
1818,3567, 22/11/13,,
1819,3570, 23/05/13,,
1820,3573, 22/03/16,,
1821,3574, 01/09/10,,
1822,3579, 19/07/12,,
1823,3590, 23/08/12,,
1824,3592, 06/09/10,,
1825,3593, 14/07/14,,
1826,3594, 09/11/11,,
1827,3596, 07/02/13,,
1828,3605, 20/08/15,,
1829,3607, 10/05/13,,
1830,3608, 17/09/15,,
1831,3611, 19/10/10,,
1832,3612, 17/12/13,,
1833,3616, 04/04/16,,
1834,3623, 29/09/10,,
1835,3628, 27/01/13,,
1836,3629, 20/12/12,,
1837,3630, 14/01/12,,
1838,3634, 11/09/12,,
1839,3638, 19/07/12,,
1840,3645, 12/07/11,,
1841,3646, 26/07/16,,
1842,3646, 14/07/15,,
1843,3652, 25/11/12,,
1844,3654, 04/07/11,,
1845,3656, 19/07/12,,
1846,3658, 05/10/10,,
1847,3660, 20/12/12,,
1848,3668, 26/06/11,,
1849,3670, 22/03/11,,
1850,3675, 01/09/13,,
1851,3676, 07/03/13,,
1852,3677, 17/09/15,,
1853,3686, 04/09/10,,
1854,3688, 12/01/16,,
1855,3689, 14/07/15,,
1856,3691, 17/04/12,,
1857,3698, 27/08/10,,
1858,3702, 19/07/12,,
1859,3704, 29/06/15,,
1860,3705, 17/09/15,,
1861,3708, 10/07/13,,
1862,3712, 28/06/11,,
1863,3713, 17/09/15,,
1864,3715, 20/09/11,,
1865,3718, 11/03/13,,
1866,3719, 12/10/10,,
1867,3728, 02/09/13,,
1868,3731, 01/09/13,,
1869,3735, 13/07/15,,
1870,3739, 10/05/12,,
1871,3741, 04/11/10,,
1872,3742, 17/09/15,,
1873,3745, 20/08/15,,
1874,3751, 19/07/12,,
1875,3757, 09/12/14,,
1876,3761, 06/09/11,,
1877,3762, 22/03/12,,
1878,3768, 10/05/13,,
1879,3769, 19/07/12,,
1880,3773, 20/12/12,,
1881,3774, 24/09/14,,
1882,3780, 26/02/14,,
1883,3784, 24/09/14,,
1884,3810, 22/03/12,,
1885,3826, 03/10/14,,
1886,3829, 17/11/11,,
1887,3830, 05/04/16,,
1888,3832, 13/07/15,,
1889,3833, 31/08/15,,
1890,3844, 03/12/14,,
1891,3845, 01/05/15,,
1892,3846, 04/04/16,,
1893,3853, 20/08/15,,
1894,3855, 17/09/15,,
1895,3856, 05/07/15,,
1896,3857, 13/12/13,,
1897,3859, 24/09/14,,
1898,3860, 17/09/15,,
1899,3869, 24/04/15,,
1900,3870, 08/11/12,,
1901,3871, 10/05/12,,
1902,3875, 17/09/15,,
1903,3878, 06/06/11,,
1904,3880, 20/12/12,,
1905,3882, 06/05/12,,
1906,3884, 17/04/13,,
1907,3886, 14/07/15,,
1908,3887, 28/03/14,,
1909,3890, 17/09/15,,
1910,3891, 21/04/15,,
1911,3893, 20/07/12,,
1912,3903, 12/01/16,,
1913,3905, 05/12/11,,
1914,3908, 24/04/15,,
1915,3912, 17/09/15,,
1916,3916, 12/08/14,,
1917,3918, 26/11/11,,
1918,3919, 29/06/15,,
1919,3920, 21/04/15,,
1920,3927, 21/04/15,,
1921,3928, 30/10/10,,
1922,3929, 06/12/10,,
1923,3931, 03/10/14,,
1924,3932, 28/10/10,,
1925,3933, 18/04/11,,
1926,3936, 04/04/11,,
1927,3938, 12/09/11,,
1928,3939, 09/12/14,,
1929,3941, 19/07/12,,
1930,3942, 30/09/10,,
1931,3943, 19/10/10,,
1932,3946, 13/10/10,,
1933,3947, 18/10/10,,
1934,3949, 14/01/16,,
1935,3953, 10/05/12,,
1936,3955, 25/02/11,,
1937,3959, 17/09/15,,
1938,3963, 05/10/10,,
1939,3966, 12/08/14,,
1940,3967, 04/04/16,,
1941,3968, 26/07/16,,
1942,3968, 17/09/15,,
1943,3969, 29/06/15,,
1944,3969, 05/09/15,,
1945,3970, 29/05/16,,
1946,3970, 14/07/15,,
1947,3971, 17/09/15,,
1948,3973, 14/07/15,,
1949,3974, 20/08/15,,
1950,3975, 14/07/15,,
1951,3978, 20/08/15,,
1952,3979, 07/02/14,,
1953,3980, 14/07/14,,
1954,3981, 24/04/15,,
1955,3985, 29/06/15,,
1956,3987, 20/08/15,,
1957,3988, 22/03/16,,
1958,3989, 17/09/15,,
1959,3997, 20/08/15,,
1960,3997, 14/07/15,,
1961,4000, 13/07/15,,
1962,4002, 29/09/15,,
1963,4004, 13/07/15,,
1964,4017, 17/09/15,,
1965,4018, 14/07/15,,
1966,4031, 29/05/16,,
1967,4031, 14/07/15,,
1968,4034, 29/09/15,,
1969,4039, 14/07/15,,
1970,4041, 29/06/15,,
1971,4043, 12/01/16,,
1972,4045, 17/09/15,,
1973,4051, 26/07/16,,
1974,4051, 14/07/15,,
1975,4052, 17/09/15,,
1976,4057, 16/01/14,,
1977,4059, 26/07/16,,
1978,4059, 29/06/15,,
1979,4065, 26/07/16,,
1980,4065, 14/07/15,,
1981,4067, 14/07/15,,
1982,4075, 13/07/15,,
1983,4077, 04/04/16,,
1984,4082, 26/07/16,,
1985,4082, 12/01/16,,
1986,4087, 17/04/16,,
1987,4087, 14/07/15,,
1988,4089, 26/07/16,,
1989,4089, 14/07/15,,
1990,4095, 05/07/15,,
1991,4115, 31/08/15,,
1992,4117, 29/06/15,,
1993,4118, 04/04/16,,
1994,4121, 29/06/15,,
1995,4122, 29/09/15,,
1996,4122, 29/06/15,,
1997,4124, 14/07/15,,
1998,4127, 16/01/14,,
1999,4131, 18/06/15,,
2000,4132, 14/07/15,,
2001,4133, 22/03/16,,
2002,4136, 30/08/13,,
2003,4138, 01/05/15,,
2004,4141, 14/07/15,,
2005,4146, 03/08/13,,
2006,4147, 04/04/16,,
2007,4149, 29/06/15,,
2008,4150, 14/07/15,,
2009,4153, 04/04/16,,
2010,4158, 12/08/14,,
2011,4159, 04/04/16,,
2012,4161, 13/07/15,,
2013,4164, 04/04/16,,
2014,4166, 14/07/15,,
2015,4167, 31/08/15,,
2016,4171, 04/04/16,,
2017,4173, 04/04/16,,
2018,4174, 26/07/16,,
2019,4174, 12/01/16,,
2020,4176, 03/12/14,,
2021,4180, 12/08/14,,
2022,4183, 30/09/14,,
2023,4185, 26/07/16,,
2024,4185, 14/07/15,,
2025,4186, 12/01/16,,
2026,4187, 03/02/15,,
2027,4188, 14/07/14,,
2028,4191, 05/07/15,,
2029,4196, 14/07/15,,
2030,4197, 14/07/15,,
2031,4199, 14/07/15,,
2032,4201, 17/09/15,,
2033,4211, 03/12/14,,
2034,4212, 04/04/16,,
2035,4213, 14/07/15,,
2036,4215, 26/07/16,,
2037,4216, 03/02/15,,
2038,4225, 20/01/15,,
2039,4227, 14/07/15,,
2040,4229, 12/08/14,,
2041,4236, 04/04/16,,
2042,4238, 14/07/15,,
2043,4242, 20/08/15,,
2044,4243, 14/07/15,,
2045,4244, 29/09/15,,
2046,4244, 14/07/15,,
2047,4245, 14/07/15,,
2048,4253, 11/07/13,,
2049,4264, 25/12/15,,
2050,4266, 19/11/12,,
2051,4273, 12/01/16,,
2052,4275, 14/07/15,,
2053,4276, 17/09/15,,
2054,4283, 04/04/16,,
2055,4285, 30/01/15,,
2056,4286, 04/04/16,,
2057,4291, 16/01/14,,
2058,4304, 12/08/14,,
2059,4314, 14/07/15,,
2060,4315, 04/04/16,,
2061,4317, 14/07/15,,
2062,4318, 14/07/15,,
2063,4322, 14/07/15,,
2064,4323, 29/09/15,,
2065,4323, 29/06/15,,
2066,4332, 12/01/16,,
2067,4339, 13/07/15,,
2068,4345, 26/07/16,,
2069,4347, 04/04/16,,
2070,4351, 14/01/16,,
2071,4354, 04/04/16,,
2072,4355, 26/07/16,,
2073,4355, 04/04/16,,
2074,4358, 04/04/16,,
2075,4360, 12/01/16,,
2076,4364, 12/01/16,,
2077,4367, 14/07/15,,
2078,4368, 04/04/16,,
2079,4371, 23/04/15,,
2080,4372, 29/06/15,,
2081,4372, 29/05/16,,
2082,4376, 24/09/15,,
2083,4377, 12/01/16,,
2084,4381, 29/06/15,,
2085,4381, 29/05/16,,
2086,4384, 08/06/13,,
2087,4385, 31/08/15,,
2088,4391, 14/07/15,,
2089,4394, 14/07/15,,
2090,4400, 22/01/16,,
2091,4411, 12/08/14,,
2092,4416, 14/07/15,,
2093,4417, 14/07/15,,
2094,4424, 17/09/15,,
2095,4429, 07/03/15,,
2096,4432, 04/04/16,,
2097,4438, 13/07/15,,
2098,4439, 26/07/16,,
2099,4439, 14/07/15,,
2100,4440, 13/07/15,,
2101,4441, 14/07/15,,
2102,4446, 29/09/15,,
2103,4446, 14/07/15,,
2104,4448, 03/10/14,,
2105,4449, 13/07/15,,
2106,4458, 04/04/16,,
2107,4460, 29/06/15,,
2108,4463, 29/06/15,,
2109,4466, 04/04/16,,
2110,4469, 26/07/16,,
2111,4470, 04/04/16,,
2112,4475, 29/06/15,,
2113,4477, 28/05/14,,
2114,4479, 25/09/15,,
2115,4479, 14/07/15,,
2116,4481, 20/08/15,,
2117,4482, 14/07/15,,
2118,4498, 29/05/16,,
2119,4498, 24/04/15,,
2120,4501, 22/09/14,,
2121,4502, 14/07/15,,
2122,4505, 14/07/15,,
2123,4506, 16/01/14,,
2124,4511, 29/06/15,,
2125,4517, 21/09/15,,
2126,4517, 14/07/15,,
2127,4518, 13/07/15,,
2128,4519, 14/07/15,,
2129,4520, 17/09/15,,
2130,4522, 29/05/16,,
2131,4522, 14/07/15,,
2132,4526, 29/06/15,,
2133,4527, 26/07/16,,
2134,4527, 14/07/15,,
2135,4528, 14/07/15,,
2136,4529, 14/07/15,,
2137,4533, 17/09/15,,
2138,4536, 14/07/15,,
2139,4542, 01/05/15,,
2140,4550, 17/09/15,,
2141,4556, 14/07/15,,
2142,4558, 23/09/15,,
2143,4559, 29/06/15,,
2144,4561, 29/06/15,,
2145,4562, 09/12/14,,
2146,4563, 14/07/15,,
2147,4567, 21/03/14,,
2148,4569, 29/06/15,,
2149,4569, 29/05/16,,
2150,4572, 14/07/15,,
2151,4574, 14/07/15,,
2152,4583, 14/07/15,,
2153,4584, 29/06/15,,
2154,4585, 26/07/16,,
2155,4587, 14/07/15,,
2156,4594, 14/07/15,,
2157,4601, 14/07/15,,
2158,4602, 12/01/16,,
2159,4604, 14/07/15,,
2160,4605, 29/09/15,,
2161,4608, 17/09/15,,
2162,4611, 17/04/16,,
2163,4611, 14/07/15,,
2164,4617, 26/07/16,,
2165,4617, 14/07/15,,
2166,4619, 01/05/15,,
2167,4624, 21/03/14,,
2168,4626, 24/04/15,,
2169,4627, 29/05/16,,
2170,4628, 26/07/16,,
2171,4628, 17/09/15,,
2172,4631, 14/07/15,,
2173,4638, 14/07/15,,
2174,4639, 14/07/15,,
2175,4644, 12/01/16,,
2176,4645, 14/07/15,,
2177,4648, 17/09/15,,
2178,4650, 14/07/15,,
2179,4651, 14/07/15,,
2180,4652, 14/07/15,,
2181,4653, 14/07/15,,
2182,4656, 14/07/15,,
2183,4658, 14/07/15,,
2184,4662, 22/03/16,,
2185,4666, 04/04/16,,
2186,4669, 14/07/15,,
2187,4675, 12/08/14,,
2188,4677, 14/07/15,,
2189,4679, 24/04/15,,
2190,4680, 14/07/15,,
2191,4680, 07/10/15,,
2192,4687, 04/04/16,,
2193,4688, 14/07/15,,
2194,4693, 13/07/15,,
2195,4696, 14/07/15,,
2196,4699, 04/04/16,,
2197,4701, 14/07/15,,
2198,4703, 04/04/16,,
2199,4705, 20/08/15,,
2200,4707, 12/01/16,,
2201,4712, 14/07/15,,
2202,4738, 13/07/15,,
2203,4743, 17/09/15,,
2204,4752, 03/10/14,,
2205,4753, 14/07/15,,
2206,4758, 14/07/15,,
2207,4759, 29/06/15,,
2208,4762, 14/07/15,,
2209,4765, 14/07/15,,
2210,4767, 21/04/15,,
2211,4775, 17/04/16,,
2212,4775, 14/07/15,,
2213,4779, 14/07/15,,
2214,4781, 26/07/16,,
2215,4781, 14/07/15,,
2216,4789, 14/07/15,,
2217,4801, 18/03/14,,
2218,4804, 29/05/16,,
2219,4804, 14/07/15,,
2220,4806, 17/09/15,,
2221,4807, 17/09/15,,
2222,4808, 17/09/15,,
2223,4812, 09/12/14,,
2224,4818, 24/09/15,,
2225,4825, 13/08/15,,
2226,4827, 14/07/15,,
2227,4834, 01/01/15,,
2228,4846, 31/08/15,,
2229,4867, 13/07/15,,
2230,4879, 24/04/15,,
2231,4881, 14/07/15,,
2232,4886, 12/01/16,,
2233,4889, 12/01/16,,
2234,4890, 29/06/15,,
2235,4895, 29/09/15,,
2236,4896, 04/04/16,,
2237,4897, 14/07/15,,
2238,4898, 04/04/16,,
2239,4901, 31/12/14,,
2240,4902, 14/07/15,,
2241,4906, 12/01/16,,
2242,4907, 14/07/15,,
2243,4910, 14/07/15,,
2244,4918, 04/04/16,,
2245,4919, 17/09/15,,
2246,4921, 14/07/15,,
2247,4928, 22/03/16,,
2248,4944, 29/09/15,,
2249,4947, 04/04/16,,
2250,4952, 04/04/16,,
2251,4956, 04/04/16,,
2252,4957, 04/04/16,,
2253,4968, 14/07/15,,
2254,4971, 04/04/16,,
2255,4972, 04/04/16,,
2256,4984, 04/04/16,,
2257,4992, 17/09/15,,
2258,4994, 01/09/14,,
2259,5002, 14/07/15,,
2260,5007, 17/04/16,,
2261,5015, 14/07/15,,
2262,5021, 13/07/15,,
2263,5024, 14/01/16,,
2264,5027, 04/04/16,,
2265,5033, 29/09/15,,
2266,5035, 04/04/16,,
2267,5040, 14/07/15,,
2268,5048, 12/01/16,,
2269,5050, 14/07/15,,
2270,5062, 14/07/15,,
2271,5065, 14/07/15,,
2272,5069, 05/04/16,,
2273,5081, 26/07/16,,
2274,5083, 04/04/16,,
2275,5084, 14/07/15,,
2276,5086, 09/01/16,,
2277,5087, 22/03/16,,
2278,5091, 04/04/16,,
2279,5109, 29/05/16,,
2280,5110, 04/04/16,,
2281,5111, 12/01/16,,
2282,5115, 24/04/15,,
2283,5116, 04/04/16,,
2284,5132, 24/09/15,,
2285,5133, 13/07/15,,
2286,5156, 26/07/16,,
2287,5156, 22/03/16,,
2288,5165, 14/07/15,,
2289,5198, 04/04/16,,
2290,5218, 04/04/16,,
2291,5225, 04/04/16,,
2292,5236, 04/04/16,,
2293,5238, 17/04/16,,
2294,5238, 14/07/15,,
2295,5248, 14/07/15,,
2296,5257, 04/04/16,,
2297,5263, 04/04/16,,
2298,5264, 09/12/14,,
2299,5265, 13/07/15,,
2300,5272, 17/04/16,,
2301,5272, 14/07/15,,
2302,5276, 26/07/16,,
2303,5276, 14/07/15,,
2304,5278, 04/04/16,,
2305,5291, 04/04/16,,
2306,5298, 04/04/16,,
2307,5299, 04/04/16,,
2308,5300, 04/04/16,,
2309,5302, 14/07/15,,
2310,5304, 29/05/16,,
2311,5304, 17/09/15,,
2312,5308, 04/04/16,,
2313,5310, 13/08/15,,
2314,5312, 04/04/16,,
2315,5320, 04/04/16,,
2316,5321, 14/07/15,,
2317,5323, 17/04/16,,
2318,5323, 14/07/15,,
2319,5324, 17/04/16,,
2320,5324, 14/07/15,,
2321,5328, 14/07/15,,
2322,5330, 17/04/16,,
2323,5330, 14/07/15,,
2324,5339, 04/04/16,,
2325,5346, 17/04/16,,
2326,5346, 14/07/15,,
2327,5352, 29/09/15,,
2328,5354, 17/04/16,,
2329,5355, 22/01/16,,
2330,5358, 12/01/16,,
2331,5363, 29/06/15,,
2332,5389, 12/01/16,,
2333,5404, 14/07/15,,
2334,5408, 14/07/15,,
2335,5417, 14/07/15,,
2336,5425, 09/01/16,,
2337,5431, 14/07/15,,
2338,5448, 29/05/16,,
2339,5448, 14/07/15,,
2340,5449, 26/07/16,,
2341,5483, 17/04/16,,
2342,5483, 14/07/15,,
2343,5488, 17/04/16,,
2344,5488, 14/07/15,,
2345,5494, 17/04/16,,
2346,5494, 14/07/15,,
2347,5507, 14/07/15,,
2348,5516, 14/07/15,,
2349,5521, 14/07/15,,
2350,5523, 29/05/16,,
2351,5523, 14/07/15,,
2352,5524, 24/09/15,,
2353,5525, 24/09/15,,
2354,5527, 24/04/15,,
2355,5529, 01/06/15,,
2356,5530, 17/04/16,,
2357,5531, 12/01/16,,
2358,5532, 17/04/16,,
2359,5532, 14/07/15,,
2360,5533, 13/07/15,,
2361,5534, 29/05/16,,
2362,5534, 14/07/15,,
2363,5535, 14/07/15,,
2364,5536, 24/09/15,,
2365,5537, 17/04/16,,
2366,5537, 14/07/15,,
2367,5539, 17/04/16,,
2368,5539, 14/07/15,,
2369,5541, 14/07/15,,
2370,5542, 14/07/15,,
2371,5543, 17/04/16,,
2372,5543, 14/07/15,,
2373,5544, 17/04/16,,
2374,5544, 14/07/15,,
2375,5545, 17/04/16,,
2376,5545, 14/07/15,,
2377,5546, 22/01/16,,
2378,5546, 17/09/15,,
2379,5547, 09/01/16,,
2380,5548, 17/04/16,,
2381,5548, 14/07/15,,
2382,5549, 03/02/15,,
2383,5551, 04/04/16,,
2384,5552, 14/07/15,,
2385,5553, 29/09/15,,
2386,5553, 29/06/15,,
2387,5555, 14/07/15,,
2388,5556, 31/08/15,,
2389,5559, 04/04/16,,
2390,5560, 09/12/14,,
2391,5561, 14/07/15,,
2392,5562, 14/07/15,,
2393,5564, 14/07/15,,
2394,5565, 12/08/14,,
2395,5568, 14/07/15,,
2396,5570, 04/04/16,,
2397,5571, 20/08/15,,
2398,5572, 24/09/15,,
2399,5573, 14/07/15,,
2400,5575, 14/07/15,,
2401,5576, 24/09/15,,
2402,5577, 14/07/15,,
2403,5578, 09/01/16,,
2404,5579, 14/07/15,,
2405,5580, 09/01/16,,
2406,5581, 24/09/15,,
2407,5582, 14/07/15,,
2408,5585, 17/04/16,,
2409,5585, 14/07/15,,
2410,5586, 26/07/16,,
2411,5586, 29/06/15,,
2412,5588, 06/08/15,,
2413,5591, 17/09/15,,
2414,5592, 22/03/16,,
2415,5594, 14/07/15,,
2416,5595, 17/04/16,,
2417,5596, 17/04/16,,
2418,5596, 14/07/15,,
2419,5597, 24/09/15,,
2420,5599, 14/07/15,,
2421,5601, 17/04/16,,
2422,5601, 14/07/15,,
2423,5602, 17/09/15,,
2424,5603, 14/07/15,,
2425,5605, 14/07/15,,
2426,5606, 14/07/15,,
2427,5608, 04/04/16,,
2428,5610, 17/09/15,,
2429,5611, 14/07/15,,
2430,5612, 14/07/15,,
2431,5613, 26/07/16,,
2432,5613, 14/07/15,,
2433,5614, 26/07/16,,
2434,5614, 14/07/15,,
2435,5615, 29/06/15,,
2436,5617, 14/07/15,,
2437,5618, 14/07/15,,
2438,5620, 14/07/15,,
2439,5621, 04/04/16,,
2440,5622, 14/07/15,,
2441,5623, 14/07/15,,
2442,5624, 26/07/16,,
2443,5624, 14/07/15,,
2444,5625, 06/08/13,,
2445,5626, 22/03/16,,
2446,5627, 17/04/16,,
2447,5627, 14/07/15,,
2448,5629, 14/07/15,,
2449,5630, 29/06/15,,
2450,5631, 14/07/15,,
2451,5632, 14/07/15,,
2452,5633, 05/07/15,,
2453,5635, 24/09/15,,
2454,5636, 26/07/16,,
2455,5636, 20/11/14,,
2456,5637, 24/09/15,,
2457,5638, 17/04/16,,
2458,5638, 14/07/15,,
2459,5639, 14/07/15,,
2460,5640, 26/07/16,,
2461,5640, 04/04/16,,
2462,5641, 03/05/15,,
2463,5643, 09/01/16,,
2464,5644, 24/09/15,,
2465,5645, 01/01/15,,
2466,5646, 17/04/16,,
2467,5646, 14/07/15,,
2468,5647, 14/07/15,,
2469,5648, 14/07/15,,
2470,5649, 24/09/15,,
2471,5658, 26/07/16,,
2472,5692, 26/07/16,,
2473,5708, 26/07/16,,
2474,5709, 26/07/16,,
2475,5710, 26/07/16,,
2476,5791, 26/07/16,,
2477,5831, 26/07/16,,
2478,5858, 06/09/10,,
2479,5860, 24/08/10,,
2480,5861, 29/07/10,,
2481,5862, 17/05/09,,
2482,5864, 27/12/09,,
2483,5866, 25/06/09,,
2484,5868, 17/11/11,,
2485,5872, 14/07/15,,
2486,5875, 26/07/16,,
2487,5875, 12/01/16,,
2488,5876, 17/09/15,,
2489,5878, 29/09/15,,
2490,5884, 17/09/15,,
2491,5885, 30/06/13,,
2492,5891, 04/04/16,,
2493,5894, 09/12/14,,
2494,5902, 14/07/14,,
2495,5906, 14/07/15,,
2496,5908, 26/07/16,,
2497,5913, 24/01/13,,
2498,5914, 14/07/15,,
2499,5917, 17/09/15,,
2500,5919, 29/06/15,,
2501,5920, 17/09/15,,
2502,5929, 01/01/15,,
2503,5930, 29/06/15,,
2504,5932, 29/05/16,,
2505,5932, 17/09/15,,
2506,5936, 10/05/13,,
2507,5938, 01/05/15,,
2508,5940, 14/07/15,,
2509,5945, 09/12/14,,
2510,5947, 03/10/14,,
2511,5948, 12/01/16,,
2512,5953, 04/04/16,,
2513,5954, 29/06/15,,
2514,5955, 24/04/15,,
2515,5960, 17/09/15,,
2516,5962, 15/01/14,,
2517,5964, 17/09/15,,
2518,5965, 17/09/15,,
2519,5966, 20/04/15,,
2520,5998, 24/04/15,,
2521,6007, 12/01/16,,
2522,6021, 03/10/14,,
2523,6022, 29/06/15,,
2524,6029, 20/08/15,,
2525,6043, 17/09/15,,
2526,6047, 21/04/15,,
2527,6049, 17/09/15,,
2528,6051, 29/05/16,,
2529,6051, 17/09/15,,
2530,6056, 04/04/16,,
2531,6057, 26/07/16,,
2532,6079, 21/04/15,,
2533,6081, 12/01/16,,
2534,6082, 13/07/15,,
2535,6086, 05/04/16,,
2536,6088, 29/05/16,,
2537,6088, 17/09/15,,
2538,6089, 26/07/16,,
2539,6089, 29/06/15,,
2540,6106, 29/05/16,,
2541,6106, 17/09/15,,
2542,6123, 17/04/16,,
2543,6123, 14/07/15,,
2544,6125, 24/09/15,,
2545,6130, 29/06/15,,
2546,6136, 29/06/15,,
2547,6137, 17/09/15,,
2548,6138, 29/06/15,,
2549,6142, 12/01/16,,
2550,6145, 26/07/16,,
2551,6145, 14/07/15,,
2552,6146, 29/05/16,,
2553,6152, 12/08/14,,
2554,6161, 04/04/16,,
2555,6168, 14/07/15,,
2556,6170, 14/07/15,,
2557,6172, 14/07/15,,
2558,6174, 14/07/15,,
2559,6175, 14/07/15,,
2560,6176, 14/07/14,,
2561,6177, 09/12/14,,
2562,6178, 24/04/15,,
2563,6180, 20/08/15,,
2564,6181, 17/09/15,,
2565,6182, 22/08/15,,
2566,6183, 14/07/15,,
2567,6184, 26/07/16,,
2568,6184, 14/07/15,,
2569,6185, 14/07/15,,
2570,6186, 29/06/15,,
2571,6187, 24/04/15,,
2572,6188, 21/04/15,,
2573,6189, 09/12/14,,
2574,6191, 14/07/15,,
2575,6193, 14/07/14,,
2576,6195, 14/07/15,,
2577,6197, 14/07/15,,
2578,6198, 29/06/15,,
2579,6199, 10/10/15,,
2580,6199, 17/09/15,,
2581,6199, 15/10/15,,
2582,6200, 17/09/15,,
2583,6201, 04/04/16,,
2584,6202, 14/07/15,,
2585,6203, 14/07/15,,
2586,6204, 14/07/15,,
2587,6205, 22/08/15,,
2588,6206, 14/07/15,,
2589,6207, 14/07/15,,
2590,6208, 26/03/14,,
2591,6214, 17/04/16,,
2592,6214, 14/07/15,,
2593,6216, 14/01/16,,
2594,6217, 14/07/15,,
2595,6218, 24/09/15,,
2596,6219, 14/07/15,,
2597,6220, 14/07/15,,
2598,6221, 14/07/15,,
2599,6222, 24/09/15,,
2600,6223, 17/04/16,,
2601,6223, 14/07/15,,
2602,6224, 14/07/15,,
2603,6225, 14/07/15,,
2604,6227, 17/04/16,,
2605,6227, 14/07/15,,
2606,6228, 17/04/16,,
2607,6228, 14/07/15,,
2608,6230, 26/07/16,,
2609,6230, 24/09/15,,
2610,6232, 04/04/16,,
2611,6233, 17/04/16,,
2612,6234, 17/04/16,,
2613,6234, 14/07/15,,
2614,6235, 14/07/15,,
2615,6236, 17/04/16,,
2616,6236, 14/07/15,,
2617,6237, 17/09/15,,
2618,6238, 17/04/16,,
2619,6238, 14/07/15,,
2620,6239, 17/04/16,,
2621,6239, 14/07/15,,
2622,6242, 14/07/15,,
2623,6243, 14/07/15,,
2624,6244, 14/07/15,,
2625,6245, 14/07/15,,
2626,6246, 26/07/16,,
2627,6246, 14/07/15,,
2628,6247, 26/07/16,,
2629,6247, 14/07/15,,
2630,6248, 14/07/15,,
2631,6249, 14/07/15,,
2632,6251, 14/07/15,,
2633,6252, 14/07/15,,
2634,6253, 24/09/15,,
2635,6254, 14/07/15,,
2636,6255, 17/04/16,,
2637,6255, 14/07/15,,
2638,6256, 17/04/16,,
2639,6258, 24/09/15,,
2640,6259, 24/09/15,,
2641,6261, 27/09/15,,
2642,6261, 14/07/15,,
2643,6262, 14/07/15,,
2644,6263, 17/04/16,,
2645,6263, 14/07/15,,
2646,6264, 17/04/16,,
2647,6264, 14/07/15,,
2648,6266, 09/01/16,,
2649,6267, 17/04/16,,
2650,6267, 14/07/15,,
2651,6268, 17/04/16,,
2652,6268, 14/07/15,,
2653,6269, 17/04/16,,
2654,6269, 14/07/15,,
2655,6270, 14/07/15,,
2656,6271, 17/04/16,,
2657,6273, 17/04/16,,
2658,6273, 14/07/15,,
2659,6274, 26/07/16,,
2660,6274, 12/01/16,,
2661,6275, 17/09/15,,
2662,6278, 17/09/15,,
2663,6279, 17/09/15,,
2664,6280, 17/09/15,,
2665,6281, 12/01/16,,
2666,6282, 04/04/16,,
2667,6284, 09/01/16,,
2668,6285, 14/07/15,,
2669,6286, 17/04/16,,
2670,6286, 14/07/15,,
2671,6287, 26/07/16,,
2672,6287, 14/07/15,,
2673,6288, 17/09/15,,
2674,6289, 13/07/15,,
2675,6291, 17/04/16,,
2676,6291, 14/07/15,,
2677,6294, 24/09/15,,
2678,6295, 17/04/16,,
2679,6295, 14/07/15,,
2680,6296, 31/01/15,,
2681,6297, 24/09/15,,
2682,6298, 17/04/16,,
2683,6298, 14/07/15,,
2684,6299, 17/04/16,,
2685,6299, 14/07/15,,
2686,6300, 17/09/15,,
2687,6301, 14/07/15,,
2688,6302, 14/07/15,,
2689,6303, 04/04/16,,
2690,6305, 17/04/16,,
2691,6305, 14/07/15,,
2692,6306, 24/09/15,,
2693,6307, 09/01/16,,
2694,6308, 17/09/15,,
2695,6309, 17/04/16,,
2696,6311, 29/09/15,,
2697,6311, 14/07/15,,
2698,6312, 24/09/15,,
2699,6313, 17/04/16,,
2700,6313, 14/07/15,,
2701,6314, 14/07/15,,
2702,6316, 27/04/15,,
2703,6318, 24/09/15,,
2704,6319, 14/07/15,,
2705,6320, 14/07/15,,
2706,6321, 09/01/16,,
2707,6322, 24/09/15,,
2708,6323, 17/04/16,,
2709,6323, 14/07/15,,
2710,6324, 14/07/15,,
2711,6325, 17/04/16,,
2712,6325, 14/07/15,,
2713,6326, 09/01/16,,
2714,6327, 17/04/16,,
2715,6327, 14/07/15,,
2716,6330, 14/07/15,,
2717,6331, 17/09/15,,
2718,6333, 17/04/16,,
2719,6333, 14/07/15,,
2720,6336, 17/04/16,,
2721,6336, 14/07/15,,
2722,6338, 14/07/15,,
2723,6340, 26/07/16,,
2724,6340, 29/06/15,,
2725,6344, 17/04/16,,
2726,6344, 14/07/15,,
2727,6345, 17/04/16,,
2728,6346, 29/06/15,,
2729,6347, 17/04/16,,
2730,6347, 14/07/15,,
2731,6348, 09/01/16,,
2732,6349, 17/04/16,,
2733,6349, 14/07/15,,
2734,6350, 14/07/15,,
2735,6351, 17/04/16,,
2736,6351, 14/07/15,,
2737,6353, 17/04/16,,
2738,6353, 14/07/15,,
2739,6354, 17/04/16,,
2740,6354, 14/07/15,,
2741,6355, 18/09/14,,
2742,6356, 14/07/15,,
2743,6357, 09/01/16,,
2744,6359, 26/07/16,,
2745,6359, 14/07/15,,
2746,6360, 24/09/15,,
2747,6362, 20/09/15,,
2748,6362, 14/07/15,,
2749,6363, 17/09/14,,
2750,6364, 14/07/15,,
2751,6367, 14/07/15,,
2752,6368, 14/07/15,,
2753,6369, 24/09/15,,
2754,6371, 09/01/16,,
2755,6372, 24/09/15,,
2756,6373, 17/04/16,,
2757,6373, 14/07/15,,
2758,6375, 14/07/15,,
2759,6377, 17/04/16,,
2760,6377, 14/07/15,,
2761,6380, 14/07/15,,
2762,6381, 17/04/16,,
2763,6381, 14/07/15,,
2764,6383, 24/09/15,,
2765,6384, 17/04/16,,
2766,6384, 14/07/15,,
2767,6385, 26/07/16,,
2768,6385, 14/07/15,,
2769,6386, 14/07/15,,
2770,6388, 17/04/16,,
2771,6388, 14/07/15,,
2772,6389, 17/04/16,,
2773,6389, 14/07/15,,
2774,6391, 09/01/16,,
2775,6393, 09/01/16,,
2776,6395, 14/07/15,,
2777,6396, 01/10/15,,
2778,6398, 17/04/16,,
2779,6398, 14/07/15,,
2780,6402, 01/01/15,,
2781,6402, 17/04/16,,
2782,6405, 09/01/16,,
2783,6406, 17/04/16,,
2784,6406, 14/07/15,,
2785,6407, 14/07/15,,
2786,6408, 24/09/15,,
2787,6410, 09/01/16,,
2788,6411, 17/04/16,,
2789,6411, 14/07/15,,
2790,6412, 17/04/16,,
2791,6412, 14/07/15,,
2792,6413, 17/04/16,,
2793,6413, 14/07/15,,
2794,6414, 14/07/15,,
2795,6415, 24/09/15,,
2796,6416, 17/04/16,,
2797,6418, 09/01/16,,
2798,6419, 09/01/16,,
2799,6420, 17/04/16,,
2800,6420, 14/07/15,,
2801,6421, 26/07/16,,
2802,6421, 14/07/15,,
2803,6422, 24/09/15,,
2804,6423, 09/01/16,,
2805,6424, 17/04/16,,
2806,6424, 14/07/15,,
2807,6425, 12/01/16,,
2808,6426, 17/04/16,,
2809,6426, 14/07/15,,
2810,6430, 12/01/16,,
2811,6431, 09/01/16,,
2812,6433, 14/07/15,,
2813,6435, 12/01/16,,
2814,6437, 17/04/16,,
2815,6437, 14/07/15,,
2816,6439, 17/04/16,,
2817,6440, 24/09/15,,
2818,6442, 09/01/16,,
2819,6443, 21/08/15,,
2820,6443, 17/04/16,,
2821,6444, 14/07/15,,
2822,6445, 17/04/16,,
2823,6445, 14/07/15,,
2824,6447, 13/07/15,,
2825,6448, 12/01/16,,
2826,6449, 24/09/15,,
2827,6450, 17/04/16,,
2828,6450, 14/07/15,,
2829,6451, 09/01/16,,
2830,6452, 12/01/16,,
2831,6453, 26/07/16,,
2832,6453, 14/01/16,,
2833,6455, 12/01/16,,
2834,6456, 17/04/16,,
2835,6456, 14/07/15,,
2836,6457, 04/04/16,,
2837,6458, 17/09/15,,
2838,6460, 09/01/16,,
2839,6461, 14/07/15,,
2840,6462, 17/09/15,,
2841,6463, 09/01/16,,
2842,6464, 09/01/16,,
2843,6465, 14/07/15,,
2844,6466, 17/04/16,,
2845,6466, 14/07/15,,
2846,6467, 17/04/16,,
2847,6467, 14/07/15,,
2848,6471, 17/09/15,,
2849,6473, 17/04/16,,
2850,6474, 12/01/16,,
2851,6475, 12/01/16,,
2852,6476, 14/07/15,,
2853,6477, 09/01/16,,
2854,6479, 17/04/16,,
2855,6480, 24/09/15,,
2856,6481, 17/04/16,,
2857,6481, 14/07/15,,
2858,6482, 12/01/16,,
2859,6483, 17/09/15,,
2860,6484, 17/09/15,,
2861,6486, 17/04/16,,
2862,6487, 09/01/16,,
2863,6488, 17/09/15,,
2864,6489, 17/04/16,,
2865,6490, 26/07/16,,
2866,6490, 17/09/15,,
2867,6492, 12/01/16,,
2868,6494, 09/01/16,,
2869,6496, 26/07/16,,
2870,6496, 17/09/15,,
2871,6497, 04/04/16,,
2872,6498, 09/01/16,,
2873,6499, 09/01/16,,
2874,6501, 26/07/16,,
2875,6501, 12/01/16,,
2876,6502, 09/01/16,,
2877,6504, 17/04/16,,
2878,6504, 14/07/15,,
2879,6505, 14/01/16,,
2880,6510, 30/05/15,,
2881,6511, 14/07/15,,
2882,6513, 09/01/16,,
2883,6514, 17/04/16,,
2884,6515, 12/01/16,,
2885,6516, 17/09/15,,
2886,6517, 14/07/15,,
2887,6518, 12/01/16,,
2888,6519, 24/09/15,,
2889,6521, 14/07/15,,
2890,6522, 24/09/15,,
2891,6526, 30/09/14,,
2892,6532, 26/07/16,,
2893,6532, 12/01/16,,
2894,6533, 17/09/15,,
2895,6535, 17/04/16,,
2896,6536, 04/04/16,,
2897,6538, 09/01/16,,
2898,6539, 12/01/16,,
2899,6540, 13/08/15,,
2900,6541, 17/09/15,,
2901,6545, 12/01/16,,
2902,6546, 04/04/16,,
2903,6547, 11/09/15,,
2904,6549, 09/01/16,,
2905,6550, 09/01/16,,
2906,6554, 24/09/15,,
2907,6555, 17/04/16,,
2908,6555, 14/07/15,,
2909,6557, 26/07/16,,
2910,6557, 12/01/16,,
2911,6558, 12/01/16,,
2912,6559, 26/07/16,,
2913,6559, 12/01/16,,
2914,6560, 09/01/16,,
2915,6563, 17/04/16,,
2916,6565, 09/01/16,,
2917,6568, 17/09/15,,
2918,6569, 17/04/16,,
2919,6570, 09/01/16,,
2920,6571, 09/01/16,,
2921,6572, 09/01/16,,
2922,6573, 09/01/16,,
2923,6574, 12/01/16,,
2924,6575, 12/01/16,,
2925,6576, 12/01/16,,
2926,6577, 12/01/16,,
2927,6579, 12/01/16,,
2928,6580, 26/07/16,,
2929,6580, 17/09/15,,
2930,6582, 09/01/16,,
2931,6583, 17/04/16,,
2932,6584, 09/01/16,,
2933,6585, 09/01/16,,
2934,6586, 09/01/16,,
2935,6589, 13/07/15,,
2936,6592, 17/04/16,,
2937,6593, 29/05/16,,
2938,6593, 17/09/15,,
2939,6595, 17/04/16,,
2940,6596, 09/01/16,,
2941,6598, 09/01/16,,
2942,6599, 26/07/16,,
2943,6599, 12/01/16,,
2944,6600, 12/01/16,,
2945,6601, 04/04/16,,
2946,6602, 04/04/16,,
2947,6603, 12/01/16,,
2948,6604, 09/01/16,,
2949,6607, 09/01/16,,
2950,6608, 13/07/15,,
2951,6609, 17/04/16,,
2952,6610, 04/04/16,,
2953,6611, 09/01/16,,
2954,6613, 09/01/16,,
2955,6614, 09/01/16,,
2956,6615, 04/04/16,,
2957,6619, 12/01/16,,
2958,6620, 17/04/16,,
2959,6621, 09/01/16,,
2960,6624, 12/01/16,,
2961,6625, 17/04/16,,
2962,6626, 09/01/16,,
2963,6627, 17/04/16,,
2964,6630, 14/07/15,,
2965,6631, 29/09/15,,
2966,6635, 09/01/16,,
2967,6637, 17/04/16,,
2968,6639, 09/01/16,,
2969,6640, 09/01/16,,
2970,6641, 26/07/16,,
2971,6641, 04/04/16,,
2972,6643, 16/01/16,,
2973,6644, 17/09/15,,
2974,6646, 17/04/16,,
2975,6647, 17/04/16,,
2976,6648, 12/01/16,,
2977,6649, 09/01/16,,
2978,6650, 04/04/16,,
2979,6651, 04/04/16,,
2980,6654, 12/01/16,,
2981,6659, 09/01/16,,
2982,6660, 04/04/16,,
2983,6663, 04/04/16,,
2984,6666, 09/01/16,,
2985,6667, 17/04/16,,
2986,6669, 17/04/16,,
2987,6671, 12/01/16,,
2988,6676, 17/04/16,,
2989,6677, 12/01/16,,
2990,6679, 09/01/16,,
2991,6681, 17/04/16,,
2992,6682, 17/04/16,,
2993,6683, 04/04/16,,
2994,6686, 12/01/16,,
2995,6687, 09/01/16,,
2996,6689, 17/04/16,,
2997,6691, 17/04/16,,
2998,6692, 17/04/16,,
2999,6693, 17/04/16,,
3000,6694, 17/04/16,,
3001,6695, 09/01/16,,
3002,6696, 17/04/16,,
3003,6697, 17/04/16,,
3004,6698, 17/04/16,,
3005,6699, 17/04/16,,
3006,6701, 17/04/16,,
3007,6702, 12/01/16,,
3008,6703, 12/01/16,,
3009,6704, 04/04/16,,
3010,6705, 17/04/16,,
3011,6706, 17/04/16,,
3012,6707, 17/04/16,,
3013,6709, 17/04/16,,
3014,6711, 17/04/16,,
3015,6714, 17/04/16,,
3016,6717, 09/01/16,,
3017,6718, 09/01/16,,
3018,6719, 04/04/16,,
3019,6720, 17/04/16,,
3020,6722, 27/05/16,,
3021,6724, 25/08/15,,
3022,6725, 04/04/16,,
3023,6726, 12/01/16,,
3024,6727, 09/01/16,,
3025,6729, 12/01/16,,
3026,6730, 09/01/16,,
3027,6734, 04/04/16,,
3028,6735, 04/04/16,,
3029,6736, 09/01/16,,
3030,6739, 17/04/16,,
3031,6740, 14/07/15,,
3032,6742, 17/04/16,,
3033,6747, 17/04/16,,
3034,6748, 12/01/16,,
3035,6750, 17/04/16,,
3036,6751, 04/04/16,,
3037,6755, 04/04/16,,
3038,6756, 17/04/16,,
3039,6757, 17/04/16,,
3040,6758, 04/04/16,,
3041,6759, 17/04/16,,
3042,6761, 04/04/16,,
3043,6763, 17/04/16,,
3044,6765, 17/04/16,,
3045,6771, 04/04/16,,
3046,6772, 17/04/16,,
3047,6773, 17/04/16,,
3048,6774, 17/04/16,,
3049,6775, 17/04/16,,
3050,6777, 17/04/16,,
3051,6780, 17/04/16,,
3052,6845, 17/04/16,,
3053,6846, 17/04/16,,
3054,6852, 17/04/16,,
3055,6853, 26/07/16,,
3056,6855, 17/04/16,,
3057,6859, 17/04/16,,
3058,6860, 04/04/16,,
3059,6862, 17/04/16,,
3060,6865, 17/04/16,,
3061,6868, 17/04/16,,
3062,6869, 17/04/16,,
3063,6871, 17/04/16,,
3064,6875, 17/04/16,,
3065,6876, 08/07/15,,
3066,6877, 17/04/16,,
3067,6878, 26/07/16,,
3068,6879, 17/04/16,,
3069,6882, 30/10/16,,
3070,6883, 17/04/16,,
3071,6884, 17/04/16,,
3072,6888, 17/04/16,,
3073,6890, 17/04/16,,
3074,6891, 17/04/16,,
3075,6892, 04/04/16,,
3076,6894, 17/04/16,,
3077,6897, 17/04/16,,
3078,6901, 17/04/16,,
3079,6902, 17/04/16,,
3080,6903, 17/04/16,,
3081,6904, 17/09/15,,
3082,6906, 09/01/16,,
3083,6908, 04/04/16,,
3084,6909, 04/04/16,,
3085,6911, 04/04/16,,
3086,6915, 17/04/16,,
3087,6916, 17/04/16,,
3088,6917, 17/04/16,,
3089,6918, 17/04/16,,
3090,6919, 17/04/16,,
3091,6923, 05/04/16,,
3092,6926, 17/04/16,,
3093,6930, 17/04/16,,
3094,6936, 17/04/16,,
3095,6937, 17/04/16,,
3096,6940, 17/04/16,,
3097,6942, 17/04/16,,
3098,6944, 17/04/16,,
3099,6948, 17/04/16,,
3100,6950, 04/04/16,,
3101,6951, 17/04/16,,
3102,6952, 17/04/16,,
3103,6953, 17/04/16,,
3104,6956, 17/04/16,,
3105,6958, 04/04/16,,
3106,6962, 04/04/16,,
3107,6964, 04/04/16,,
3108,6968, 17/04/16,,
3109,6971, 17/04/16,,
3110,6973, 17/04/16,,
3111,6974, 17/04/16,,
3112,6976, 17/04/16,,
3113,6979, 19/09/15,,
3114,6981, 17/04/16,,
3115,6982, 17/04/16,,
3116,6985, 17/04/16,,
3117,6987, 17/04/16,,
3118,6988, 26/07/16,,
3119,6992, 17/04/16,,
3120,6998, 17/04/16,,
3121,7002, 17/04/16,,
3122,7018, 26/07/16,,
3123,7022, 17/04/16,,
3124,7024, 30/11/15,,
3125,7027, 17/04/16,,
3126,7029, 17/04/16,,
3127,7037, 17/04/16,,
3128,7040, 17/04/16,,
3129,7041, 17/04/16,,
3130,7044, 17/04/16,,
3131,7045, 17/04/16,,
3132,7047, 17/04/16,,
3133,7049, 17/04/16,,
3134,7057, 17/04/16,,
3135,7062, 17/04/16,,
3136,7067, 17/04/16,,
3137,7072, 17/04/16,,
3138,7073, 17/04/16,,
3139,7085, 17/04/16,,
3140,7086, 17/04/16,,
3141,7088, 17/04/16,,
3142,7090, 17/04/16,,
3143,7092, 17/04/16,,
3144,7093, 17/04/16,,
3145,7098, 17/04/16,,
3146,7104, 17/04/16,,
3147,7117, 17/04/16,,
3148,7118, 17/04/16,,
3149,7121, 17/04/16,,
3150,7122, 17/04/16,,
3151,7125, 17/04/16,,
3152,7127, 17/04/16,,
3153,7130, 17/04/16,,
3154,7136, 17/04/16,,
3155,7137, 17/04/16,,
3156,7138, 17/04/16,,
3157,7142, 17/04/16,,
3158,7149, 17/04/16,,
3159,7152, 17/04/16,,
3160,7162, 17/04/16,,
3161,7164, 17/04/16,,
3162,7178, 17/04/16,,
3163,7180, 17/04/16,,
3164,7183, 17/04/16,,
3165,7186, 17/04/16,,
3166,7196, 17/04/16,,
3167,7200, 16/01/16,,
3168,7209, 17/04/16,,
3169,7215, 17/04/16,,
3170,7217, 17/04/16,,
3171,7220, 17/04/16,,
3172,7224, 17/04/16,,
3173,7230, 26/07/16,,
3174,7243, 17/04/16,,
3175,7265, 17/04/16,,
3176,7266, 17/04/16,,
3177,7273, 17/04/16,,
3178,7278, 17/04/16,,
3179,7294, 17/04/16,,
3180,7296, 29/05/16,,
3181,7319, 01/06/16,,
3182,7363, 01/06/16,,
3183,7393, 26/07/16,,
3184,7440, 26/07/16,,
3185,7473, 01/06/16,,
3186,7488, 17/04/16,,
3187,7489, 26/07/16,,
3188,7501, 20/03/14,,
3189,7508, 26/07/16,,
3190,7519, 12/08/14,,
3191,7540, 26/07/16,,
3192,7542, 26/07/16,,
3193,7569, 26/07/16,,
3194,7579, 26/07/16,,
3195,7589, 17/04/16,,
3196,7599, 17/04/16,,
3197,7611, 26/07/16,,
3198,7985, 26/07/16,,
3199,7990, 26/07/16,,
3200,8002, 26/07/16,,
3201,8002, 17/04/16,,
3202,8009, 01/06/16,,
3203,8014, 22/01/16,,
3204,8923, 26/07/16,,
3205,9313, 26/07/16,,
3206,9319, 26/07/16,,
