CowKey,Herd,CowExternalKey,LifetimeID,PedigreeNumber,ElectronicID,RemovalDate,BirthDate,BoughtDate,ToCullDate,LactationNumber,LactNumberEst,BW,BWReliability,Name,Breed,Sire,Dam,DamExternalKey,comment,InitialLactationStatus,InitialDueSire,InitialDueDate,RemovalFate,RemovalReason1,RemovalReason2,RemovalReason3,RemovalComment,StockClass,ABVFat,ABVProtein,ABVMilk,TransferID,PW,CowNumber,PWRel,ExpCalfPW,ExpCalfPWRel
1,2669680,12761257,XVX-95-64,,,2/06/1996,30/08/1995,,,,FALSE,37,33,,F8 J4,63684,XVX-89-27        ,8127111,,,,,SOLD,,,,,CALF,,,,,,85064,,,
2,2669680,12761254,XVX-95-57,,,5/03/1997,27/08/1995,,,,FALSE,24,34,,F,63684,XVX-88-43        ,8127201,,,,,SOLD,,,,,CALF,,,,,,85057,,,
3,2669680,12761259,XVX-95-20,,,5/03/1997,17/08/1995,,,,FALSE,17,38,,F,63622,XVX-91-28        ,9637464,,,,,SOLD,,,,,CALF,,,,,,85020,,,
4,2669680,12761261,XVX-95-35,,,5/03/1997,22/08/1995,,,,FALSE,24,36,,F,662224,XVX-90-38        ,8882607,,,,,SOLD,,,,,CALF,,,,,,85035,,,
5,2669680,12761262,XVX-95-74,,,2/06/1996,2/09/1995,,,,FALSE,41,34,,F,63895,XVX-89-33        ,8170652,,,,,SOLD,,,,,CALF,,,,,,85074,,,
6,2669680,13316433,XVX-95-39,,,5/03/1997,24/08/1995,,,,FALSE,25,37,,F13J1,63895,XVX-92-28        ,10489332,,,,,SOLD,,,,,CALF,,,,,,85039,,,
7,2669680,13191971,HHTV-95-34,,,5/03/1997,27/07/1995,,,,FALSE,27,14,,F8,,CQGL-87-87       ,6238249,,,,,SOLD,,,,,CALF,,,,,,85034,,,
8,2669680,13455849,FCLQ-95-34,,,5/03/1997,1/08/1995,,,,FALSE,38,0,,F,,,,,,,,SOLD,,,,,CALF,,,,,,75034,,,
9,2669680,13992635,JKRP-96-77,,,16/09/1997,24/09/1996,,,,FALSE,34,33,,F,662224,XVX-88-20        ,8127162,,,,,SOLD,,,,,CALF,,,,,,96077,,,
10,2669680,13992636,JKRP-96-47,,,,26/08/1996,,,2,FALSE,54,47,,F8 J4,662991,XVX-89-38        ,8127147,,,,,,,,,,COW,,,,,80.6,153,61.9,106.2,16.9
11,2669680,13992637,JKRP-96-65,,,16/09/1997,6/09/1996,,,,FALSE,21,25,,F,662991,XVX-88-39        ,8170667,,,,,SOLD,,,,,CALF,,,,,,96065,,,
12,2669680,13992638,JKRP-96-51,,,16/09/1997,27/08/1996,,,,FALSE,22,27,,F,662991,XVX-92-8         ,10489347,,,,,SOLD,,,,,CALF,,,,,,96051,,,
13,2669680,13992639,JKRP-96-54,,,16/09/1997,28/08/1996,,,,FALSE,23,35,,F,662167,XVX-93-37        ,11202217,,,,,SOLD,,,,,CALF,,,,,,96054,,,
14,2669680,13992640,JKRP-96-10,,,23/10/1998,11/08/1996,,,,FALSE,31,13,,F,662014,XVX-90-46        ,8882564, ,,,,CULLED,FTC,,,,CALF,,,,,,7,,,
15,2669680,13992641,JKRP-96-23,,,,17/08/1996,,,2,FALSE,35,46,,F8 J4,662224,XVX-89-40        ,8127110,,,,,,,,,,COW,,,,,61.8,61,60.9,94.8,16.7
16,2669680,13992642,JKRP-96-67,,,9/10/1998,9/09/1996,,,,FALSE,39,27,,F,662991,XVX-92-27        ,10489319,,,,,DIED,UNKNWN,,,,CALF,,,,,,96067,,,
17,2669680,13992643,JKRP-96-66,,,1/05/1999,9/09/1996,,,1,FALSE,33,45,,F,662016,XVX-92-10        ,10489303,,,,,CULLED,NOTPREGNANT,,,,COW,,,,,,255,,,
18,2669680,13992644,JKRP-96-72,,,17/05/1999,12/09/1996,,,1,FALSE,14,44,,F13J1,662016,XVX-93-46        ,11202249,,,,,CULLED,NOTPREGNANT,,,,COW,,,,,,282,,,
19,2669680,13992645,JKRP-96-44,,,,24/08/1996,,,2,FALSE,38,49,,F12J2,662224,XVX-93-53        ,11202212,,,,,,,,,,COW,,,,,62.4,141,62.5,69.9,19.1
20,2669680,13992646,JKRP-96-39,,,16/09/1997,23/08/1996,,,,FALSE,39,32,,F10J2,662167,XVX-89-16        ,8127086,,,,,SOLD,,,,,CALF,,,,,,96039,,,
21,2669680,13992647,JKRP-96-33,,,,20/08/1996,,,2,FALSE,29,32,,F7 J1,,XVX-93-31        ,11202239,,,,,,,,,,COW,,,,,30.8,98,58.6,74.6,15.7
22,2669680,13992648,JKRP-96-20,,,16/09/1997,16/08/1996,,,,FALSE,18,36,,F,662016,XVX-92-11        ,10489300,,,,,SOLD,,,,,CALF,,,,,,96020,,,
23,2669680,14010227,JKRP-96-52,,,,27/08/1996,,,2,FALSE,28,47,,F8 J4,662167,XVX-89-51        ,8127122, ,,,,,,,,,COW,,,,,18.5,174,61.8,77.4,17.6
24,2669680,14010228,JKRP-96-29,,,,18/08/1996,,,2,FALSE,45,49,,F,662014,XVX-90-44        ,8882610, ,,,,,,,,,COW,,,,,56.9,77,62.5,80.1,13.8
25,2669680,14010232,JKRP-96-4,,,16/09/1997,5/08/1996,,,,FALSE,21,9,,F,662991,XVX-88-43        ,8127201,,,,,SOLD,,,,,CALF,,,,,,96004,,,
26,2669680,14010234,JKRP-96-46,,,,26/08/1996,,,2,FALSE,56,49,,F,662167,XVX-93-24        ,11202220, ,,,,,,,,,COW,,,,,78.8,152,62.6,76.2,11.2
27,2669680,14010238,JKRP-96-36,,,,22/08/1996,,,2,FALSE,67,49,,F,662167,XVX-93-58        ,11202225, ,,,,,,,,,COW,,,,,83.8,103,62.5,90.2,14.5
28,2669680,14010240,JKRP-96-9,,,16/09/1997,8/08/1996,,,,FALSE,38,34,,F8 J4,662167,XVX-89-68        ,8127132,,,,,SOLD,,,,,CALF,,,,,,96009,,,
29,2669680,14010241,JKRP-96-40,,,10/09/1998,23/08/1996,,,,FALSE,36,36,,F,662014,XVX-93-20        ,11202207, ,,,,CULLED,MASTREM,,,,CALF,,,,,,129,,,
30,2669680,14010242,JKRP-96-69,,,,10/09/1996,,,2,FALSE,33,47,,F,662016,XVX-92-58        ,10489313,,,,,,,,,,COW,,,,,47.8,280,61.5,69.4,18
31,2669680,14022356,JKRP-96-34,,,,20/08/1996,,,2,FALSE,42,47,,F,662167,XVX-90-1         ,8882586,,,,,,,,,,COW,,,,,23.6,100,60.6,,
32,2669680,14022357,JKRP-96-61,,,,2/09/1996,,,2,FALSE,56,46,,F10J2,662991,XVX-89-61        ,8127135, ,,,,,,,,,COW,,,,,70.8,228,61.9,86.1,14
33,2669680,14022358,JKRP-96-59,,,16/09/1997,31/08/1996,,,,FALSE,38,37,,F,662224,XVX-87-39        ,8127767,,,,,SOLD,,,,,CALF,,,,,,96059,,,
34,2669680,14022359,JKRP-96-19,,,1/05/1999,15/08/1996,,,1,FALSE,50,28,,F,662167,XVX-91-2         ,9637465, ,,,,CULLED,NOTPREGNANT,,,,COW,,,,,,48,,,
35,2669680,14022360,JKRP-96-8,,,16/09/1997,8/08/1996,,,,FALSE,24,9,,F,662167,XVX-93-5         ,11202224,,,,,SOLD,,,,,CALF,,,,,,96008,,,
36,2669680,14022361,JKRP-96-28,,,,18/08/1996,,,2,FALSE,50,47,,F,662167,XVX-92-23        ,10489311, ,,,,,,,,,COW,,,,,71.6,75,60.7,70.6,11
37,2669680,14022362,JKRP-96-49,,,23/08/1998,27/08/1996,,,1,FALSE,32,37,,F,662014,XVX-92-60        ,10489312, ,,,,DIED,DIFCLV,,,,COW,,,,,,154,,,
38,2669680,14022363,JKRP-96-35,,,16/09/1997,21/08/1996,,,,FALSE,15,37,,F,662014,XVX-92-6         ,10489323,,,,,SOLD,,,,,CALF,,,,,,96035,,,
39,2669680,14022364,JKRP-96-64,,,16/09/1997,5/09/1996,,,,FALSE,9,35,,F,662016,XVX-93-23        ,11202242,,,,,SOLD,,,,,CALF,,,,,,96064,,,
40,2669680,14022365,JKRP-96-68,,,,10/09/1996,,,2,FALSE,36,30,,F6 J2,,XVX-90-38        ,8882607, ,,,,,,,,,COW,,,,,76.1,270,57.1,98,16.1
41,2669680,14022366,JKRP-96-12,,,,11/08/1996,,,2,FALSE,62,31,,F6 J2,,XVX-91-23        ,9641075, ,,,,,,,,,COW,,,,,113.7,18,59.1,97.8,15.5
42,2669680,14022367,JKRP-96-41,,,,24/08/1996,,,2,FALSE,45,48,,F,662014,XVX-93-3         ,11202198, ,,,,,,,,,COW,,,,,54.4,136,61.1,69,11
43,2669680,14022368,JKRP-96-17,,,,14/08/1996,,,2,FALSE,70,31,,F11J1,662167,XVX-89-39        ,8127192,,,,,,,,,,COW,,,,,127.3,47,59.2,99.9,15.5
44,2669680,14022369,JKRP-96-27,,,,18/08/1996,,,2,FALSE,63,49,,F12J4,662167,XVX-87-15        ,8127756,,,,,,,,,,COW,,,,,142.4,69,62.3,82.8,11.2
45,2669680,14022370,JKRP-96-30,,,18/05/1998,21/08/1996,,,,FALSE,5,37,,F,63622,XVX-93-48        ,11202194,,,,,CULLED,BADTYPE,,,Undershot jaw,CALF,,,,,,96030,,,
46,2669680,14022371,JKRP-96-32,,,,19/08/1996,,,2,FALSE,39,46,,F,662167,XVX-92-24        ,10489339, ,,,,CULLED,MASTREM,,,,COW,,,,,50.6,89,51.3,,
47,2669680,14022372,JKRP-96-58,,,,30/08/1996,,,2,FALSE,69,49,,F,662991,XVX-90-6         ,8882568,,,,,,,,,,COW,,,,,118.5,226,62.4,90.1,14.4
48,2669680,14022373,JKRP-96-7,,,16/09/1997,7/08/1996,,,,FALSE,18,9,,F10J2,662991,XVX-89-5         ,8127158,,,,,SOLD,,,,,CALF,,,,,,96007,,,
49,2669680,14022374,CQRR-95-5,,,,11/08/1996,,,2,FALSE,43,28,,F7 J1,,XVX-92-36        ,10489358, ,,,,,,,,,COW,,,,,,1,,,
50,2669680,14022375,JKRP-96-43,,,,24/08/1996,,,2,FALSE,48,50,,F,662014,XVX-92-19        ,10489335,,,,,,,,,,COW,,,,,73.6,139,62.5,70.8,11.2
51,2669680,14022376,JKRP-96-57,,,,30/08/1996,,,2,FALSE,56,48,,F13J1,662167,XVX-93-15        ,11202226,,,,,,,,,,COW,,,,,82.3,210,61,87.5,13.6
52,2669680,14022377,JKRP-96-71,,,,12/09/1996,,,2,FALSE,47,45,,F12,662991,XVX-89-66        ,8127120,,,,,,,,,,COW,,,,,39.3,281,60.9,74.9,17.8
53,2669680,14022378,JKRP-96-13,,,,13/08/1996,,,2,FALSE,42,48,,F,662014,XVX-91-46        ,9641102,,,,,,,,,,COW,,,,,70.8,32,61.2,73.9,18.1
54,2669680,14022379,JKRP-96-21,,,,17/08/1996,,,2,FALSE,50,48,,F12J2,662014,XVX-93-12        ,11202230,,,,,,,,,,COW,,,,,95.8,55,62.1,78.9,19
55,2669680,14022380,JKRP-96-26,,,16/09/1997,18/08/1996,,,,FALSE,21,35,,F,662167,XVX-90-20        ,8882606,,,,,SOLD,,,,,CALF,,,,,,96026,,,
56,2669680,14022381,JKRP-96-16,,,,14/08/1996,,,2,FALSE,59,30,,F8,,XVX-88-2         ,8127130, ,,,,,,,,,COW,,,,,109.1,38,57.6,89.2,11.3
57,2669680,14022382,JKRP-96-6,,,,7/08/1996,,,2,FALSE,41,33,,F,662014,XVX-92-16        ,10489352, ,,,,,,,,,COW,,,,,45.2,6,59.4,73.7,16.2
58,2669680,14022383,JKRP-96-45,,,,25/08/1996,,,2,FALSE,58,49,,F,662167,XVX-92-15        ,10489353,,,,,,,,,,COW,,,,,65.8,150,62.4,84.1,18.4
59,2669680,14022384,JKRP-96-38,,,,23/08/1996,,,2,FALSE,60,50,,F,662014,XVX-87-17        ,8127762, ,,,,,,,,,COW,,,,,77.5,104,62.6,,
60,2669680,14022385,JKRP-96-76,,,,21/09/1996,,,2,FALSE,34,48,,F,662224,XVX-90-18        ,8882596,,,,,,,,,,COW,,,,,61.7,283,61.3,69.8,14.3
61,2669680,14022386,JKRP-96-63,,,,5/09/1996,,,2,FALSE,31,46,,F,662991,XVX-88-6         ,8170658, ,,,,,,,,,COW,,,,,9.6,247,61.7,87.8,16.8
62,2669680,14022387,JKRP-96-56,,,,29/08/1996,,,2,FALSE,31,48,,F11J1,662167,XVX-89-8         ,8127199,,,,,,,,,,COW,,,,,20.2,201,62.2,74.4,17.7
63,2669680,14022388,JKRP-96-25,,,,18/08/1996,,,2,FALSE,46,49,,F,662014,XVX-91-21        ,9637450, ,,,,,,,,,COW,,,,,67.9,68,62.5,82.5,13.8
64,2669680,14022389,JKRP-96-75,,,16/09/1997,14/09/1996,,,,FALSE,44,38,,F,662224,XVX-86-55        ,5705168,,,,,SOLD,,,,,CALF,,,,,,96075,,,
65,2669680,14022390,JKRP-96-55,,,,29/08/1996,,,2,FALSE,42,46,,F12,662014,XVX-89-46        ,8127078, ,,,,,,,,,COW,,,,,52.7,178,61.9,71.4,18.8
66,2669680,14022391,JKRP-96-74,,,,13/09/1996,,,2,FALSE,14,48,,F,662016,XVX-92-30        ,10489345,,,,,,,,,,COW,,,,,14.7,284,62.3,54.2,18.2
67,2669680,14022392,JKRP-96-73,,,16/09/1997,13/09/1996,,,,FALSE,30,11,,F12,662224,XVX-89-17        ,8127191,,,,,SOLD,,,,,CALF,,,,,,96073,,,
68,2669680,14022393,JKRP-96-42,,,,24/08/1996,,,2,FALSE,36,49,,F,662014,XVX-85-55        ,4895374, ,,,,,,,,,COW,,,,,28.6,137,62.5,78.8,17.9
69,2669680,14022394,JKRP-96-31,,,16/09/1997,19/08/1996,,,,FALSE,18,38,,F,662014,XVX-85-40        ,4895868,,,,,SOLD,,,,,CALF,,,,,,96031,,,
70,2669680,14022395,JKRP-96-1,,,11/03/1999,2/08/1996,,,1,FALSE,4,47,,F,662014,XVX-86-4         ,5705307,,,,,CULLED,LOWPRD,,,,COW,,,,,,4,,,
71,2669680,14022396,JKRP-96-2,,,11/03/1999,2/08/1996,,,1,FALSE,7,47,,F,662014,XVX-86-4         ,5705307,,,,,CULLED,LOWPRD,,,,COW,,,,,,5,,,
72,2669680,14022397,JKRP-96-62,,,,2/09/1996,,,2,FALSE,46,49,,F,662167,XVX-91-58        ,9637461, ,,,,,,,,,COW,,,,,56.9,234,62.5,,
73,2669680,14022398,JKRP-96-24,,,8/09/1998,17/08/1996,,,,FALSE,29,36,,F11J1,662224,XVX-89-48        ,8127116,,,,,DIED,UNKNWN,,,,CALF,,,,,,96024,,,
74,2669680,14022399,JKRP-96-18,,,16/09/1997,15/08/1996,,,,FALSE,26,13,,F12J4,662167,XVX-86-36        ,5705156,,,,,SOLD,,,,,CALF,,,,,,96018,,,
75,2669680,14022400,JKRP-96-15,,,16/09/1997,13/08/1996,,,,FALSE,17,36,,F,662014,XVX-93-57        ,11202238,,,,,SOLD,,,,,CALF,,,,,,96015,,,
76,2669680,14022401,JKRP-96-22,,,16/09/1997,17/08/1996,,,,FALSE,16,37,,F12J4,662014,XVX-87-52        ,8127771,,,,,SOLD,,,,,CALF,,,,,,96022,,,
77,2669680,14022402,JKRP-96-50,,,,27/08/1996,,,2,FALSE,22,48,,F,662014,XVX-91-48        ,9637439, ,,,,,,,,,COW,,,,,17.1,169,61,58.1,19
78,2669680,14022403,JKRP-96-37,,,16/09/1997,22/08/1996,,,,FALSE,21,38,,F,662014,XVX-92-14        ,10489316,,,,,SOLD,,,,,CALF,,,,,,96037,,,
79,2669680,14022404,JKRP-96-70,,,16/09/1997,10/09/1996,,,,FALSE,13,36,,F,662016,XVX-92-32        ,10489326,,,,,SOLD,,,,,CALF,,,,,,96070,,,
80,2669680,12761269,XVX-95-68,,,5/03/1997,31/08/1995,,,,FALSE,22,34,,F10J2,662224,XVX-89-5         ,8127158,,,,,SOLD,,,,,CALF,,,,,,85068,,,
81,2669680,12761266,XVX-95-2,,,5/03/1997,9/08/1995,,,,FALSE,36,35,,F12J4,662025,XVX-88-40        ,8127168,,,,,SOLD,,,,,CALF,,,,,,85002,,,
82,2669680,12761278,XVX-95-71,,,5/03/1997,1/09/1995,,,,FALSE,26,36,,F,662025,XVX-92-13        ,10489341,,,,,SOLD,,,,,CALF,,,,,,85071,,,
83,2669680,12761280,XVX-95-13,,,5/03/1997,15/08/1995,,,,FALSE,8,37,,F,63622,XVX-90-18        ,8882596,,,,,SOLD,,,,,CALF,,,,,,85013,,,
84,2669680,12761288,XVX-95-18,,,8/04/1997,17/08/1995,,,,FALSE,25,34,,F10,662224,XVX-89-71        ,8127163,,,,,CULLED,NOTPREGNANT,,,,CALF,,,,,,85018,,,
85,2669680,12761289,XVX-95-21,,,5/03/1997,17/08/1995,,,,FALSE,28,35,,F,63622,XVX-90-39        ,8882593,,,,,SOLD,,,,,CALF,,,,,,85021,,,
87,2669680,12761293,XVX-95-45,,,5/03/1997,25/08/1995,,,,FALSE,17,38,,F,63622,XVX-91-47        ,9641090,,,,,SOLD,,,,,CALF,,,,,,85045,,,
88,2669680,12761294,XVX-95-62,,,2/06/1996,30/08/1995,,,,FALSE,31,38,,F,662025,XVX-91-57        ,9637455,,,,,SOLD,,,,,CALF,,,,,,85062,,,
89,2669680,12761296,XVX-95-61,,,5/03/1997,30/08/1995,,,,FALSE,27,35,,F11J1,662025,XVX-89-14        ,8127106,,,,,SOLD,,,,,CALF,,,,,,85061,,,
90,2669680,12761297,XVX-95-12,,,5/03/1997,15/08/1995,,,,FALSE,34,38,,F,662025,XVX-91-5         ,9641099,,,,,SOLD,,,,,CALF,,,,,,85012,,,
91,2669680,12761301,XVX-95-8,,,8/04/1997,13/08/1995,,,,FALSE,25,37,,F,662025,XVX-87-45        ,8127159,,,,,CULLED,NOTPREGNANT,,,,CALF,,,,,,85008,,,
92,2669680,13099093,FCLQ-95-23,,,8/04/1997,14/08/1995,,,,FALSE,36,37,,F12A4,662076,CRDR-92-23       ,10062349,,,,,CULLED,NOTPREGNANT,,,,CALF,,,,,,85023,,,
93,2669680,13099106,FCLQ-95-63,,,2/01/1997,28/08/1995,,,,FALSE,63,39,,F8 A4,90274,XLV-89-45        ,8168181,,,,,DIED,OTHER,,,,CALF,,,,,,85063,,,
94,2669680,14770456,JKRP-97-21,,,,9/08/1997,,,,FALSE,42,35,,F13X1,662246,XVX-94-3         ,12087338,,,,,CULLED,NOTPREGNANT,,,,HEIFER,,,,,,74,,,
95,2669680,14770457,JKRP-97-16,,,,7/08/1997,,,1,FALSE,48,43,,F,662246,XVX-91-4         ,9637458,,,,,,,,,,COW,,,,,48,48,46.3,101.5,17.8
96,2669680,14770458,JKRP-97-11,,,,6/08/1997,,,1,FALSE,51,39,,F,662246,XVX-92-17        ,10489305,,,,,,,,,,COW,,,,,70.5,33,36.1,,
97,2669680,14770459,JKRP-97-7,,,,5/08/1997,,,1,FALSE,36,30,,F8 J4,663386,XVX-89-51        ,8127122,,,,,CULLED,UDR HEALTH,,,Sore teats,COW,,,,,61.7,16,15.7,,
98,2669680,14770460,JKRP-97-10,,,,6/08/1997,,,1,FALSE,31,43,,F12J4,662300,XVX-85-8         ,4895217,,,,,,,,,,COW,,,,,54.5,24,48.9,65.6,18.2
99,2669680,14770461,JKRP-97-19,,,,8/08/1997,,,1,FALSE,61,26,,F,662246,XVX-92-27        ,10489319,,,,,,,,,,COW,,,,,83.6,64,44.2,83.7,16.1
100,2669680,14770462,JKRP-97-23,,,,9/08/1997,,,1,FALSE,54,44,,F,662246,XVX-92-10        ,10489303,,,,,,,,,,COW,,,,,78,79,49.2,88.3,13.2
101,2669680,14770463,JKRP-97-46,,,1/09/1997,26/08/1997,,,,FALSE,39,21,,F,663333,XVX-92-11        ,10489300,,,,,DIED,OTHERC,,,,CALF,,,,,,97046,,,
102,2669680,14770464,JKRP-97-18,,,,8/08/1997,,,1,FALSE,41,36,,F13J1,662300,XVX-94-22        ,12087306,,,,,CULLED,MASTREM,,,,COW,,,,,54.3,60,18.8,,
103,2669680,14770465,JKRP-97-51,,,,28/08/1997,,,1,FALSE,48,45,,F,662300,XVX-92-51        ,10489338,,,,,,,,,,COW,,,,,82.5,154,49.2,75.8,17.7
104,2669680,14770466,JKRP-97-22,,,,9/08/1997,,,1,FALSE,35,44,,F,662300,XVX-94-23        ,12087339,,,,,,,,,,COW,,,,,30,76,48.7,89.1,16.5
105,2669680,14770467,JKRP-97-52,,,,30/08/1997,,,1,FALSE,65,42,,F,663551,XVX-90-14        ,8882587,,,,,,,,,,COW,,,,,97.1,156,52.8,107.7,16.2
106,2669680,14770468,JKRP-97-28,,,,10/08/1997,,,1,FALSE,53,43,,F,663551,XVX-91-31        ,9641092,,,,,,,,,,COW,,,,,92.1,94,52.9,80.6,13.6
107,2669680,14770469,JKRP-97-53,,,,31/08/1997,,,1,FALSE,71,41,,F,663410,XVX-94-27        ,12087308,,,,,,,,,,COW,,,,,88.3,157,48.4,92.8,17.3
108,2669680,14770470,JKRP-97-14,,,10/08/1997,6/08/1997,,,,FALSE,50,35,,F12J4,662300,XVX-87-43        ,8127758,,,,,DIED,OTHERC,,,,CALF,,,,,,97014,,,
109,2669680,14770471,JKRP-97-25,,,,10/08/1997,,,1,FALSE,13,41,,F,662642,XVX-91-9         ,9641084,,,,,DIED,ECZEMA,,,,COW,,,,,22.7,90,44.2,46.7,10.1
110,2669680,14770472,JKRP-97-6,,,,5/08/1997,,,1,FALSE,49,45,,F,662246,XVX-91-28        ,9637464,,,,,,,,,,COW,,,,,55.9,13,49.2,73,18.4
111,2669680,14770473,JKRP-97-44,,,,25/08/1997,,,1,FALSE,45,21,,F12J4,662642,2/17035/84/8412  ,2815250,,,,,,,,,,COW,,,,,51.3,133,40.3,79.6,10.9
112,2669680,14770474,JKRP-97-35,,,,12/08/1997,,,1,FALSE,38,38,,F8 J4,663576,XVX-89-55        ,8127185,,,,,,,,,,COW,,,,,67.7,118,52,76.1,16.9
113,2669680,14770475,JKRP-97-1,,,,24/07/1997,,,1,FALSE,42,23,,F12J4,63684,XVX-88-54        ,8127179,,,,,,,,,,COW,,,,,75.4,2,43.1,,
114,2669680,14770476,JKRP-97-55,,,,31/08/1997,,,1,FALSE,45,42,,F13J1,663410,XVX-92-29        ,10489314,,,,,,,,,,COW,,,,,72.9,166,53.1,75.7,17.4
115,2669680,14770477,JKRP-97-39,,,12/05/1998,17/08/1997,,,,FALSE,41,9,,F,662246,XVX-92-1         ,10489336,,,,,Died,UNKNWN,,,,CALF,,,,,,97039,,,
116,2669680,14770478,JKRP-97-29,,,,10/08/1997,,,1,FALSE,60,45,,F,662246,XVX-92-40        ,10489349,,,,,,,,,,COW,,,,,90.9,95,49.3,91.5,13.2
117,2669680,14770479,JKRP-97-8,,,,5/08/1997,,,1,FALSE,31,42,,F10J2,63684,XVX-89-34        ,8127214,,,,,,,,,,COW,,,,,43.1,17,48.5,78.2,16.9
118,2669680,14770480,JKRP-97-31,,,,11/08/1997,,,1,FALSE,12,41,,F,662642,XVX-88-19        ,8170661,,,,,,,,,,COW,,,,,16.9,105,47.8,55.9,13.4
119,2669680,14770481,JKRP-97-20,,,,9/08/1997,,,1,FALSE,68,44,,F,662246,XVX-94-39        ,12087313,,,,,,,,,,COW,,,,,100.5,67,49,95.3,13.1
120,2669680,14770482,JKRP-97-33,,,,11/08/1997,,,1,FALSE,36,44,,F,662300,XVX-93-18        ,11202253,,,,,,,,,,COW,,,,,52.7,108,49,76.5,17.2
121,2669680,14770483,JKRP-97-2,,,5/08/1997,1/08/1997,,,,FALSE,50,36,,F,662300,XVX-92-19        ,10489335,,,,,SOLD,,,,,CALF,,,,,,97002,,,
122,2669680,14770484,JKRP-97-9,,,,6/08/1997,,,1,FALSE,49,37,,F,663576,XVX-93-38        ,11202240,,,,,,,,,,COW,,,,,75.8,20,47.3,85.1,16.3
123,2669680,14770485,JKRP-97-36,,,19/02/1999,13/08/1997,,,,FALSE,40,22,,F,663576,XVX-91-46        ,9641102,,,,,CULLED,NOTPREGNANT,,,,CALF,,,,,,97036,,,
124,2669680,14770486,JKRP-97-50,,,1/10/1997,28/08/1997,,,,FALSE,36,20,,F,663386,XVX-85-4         ,4895960,,,,,DIED,,,,,CALF,,,,,,97050,,,
125,2669680,14770487,JKRP-97-26,,,,10/08/1997,,,1,FALSE,64,44,,F,662246,XVX-94-48        ,12087297,,,,,,,,,,COW,,,,,87,91,49,88.3,13.8
126,2669680,14770488,JKRP-97-41,,,,20/08/1997,,,1,FALSE,26,45,,F,662642,XVX-92-15        ,10489353,,,,,,,,,,COW,,,,,36.2,128,49.2,61.6,18.6
127,2669680,14770489,JKRP-97-32,,,20/08/1997,11/08/1997,,,,FALSE,45,33,,F10J2,662300,XVX-89-25        ,8127124,,,,,DIED,OTHERC,,,,CALF,,,,,,97032,,,
128,2669680,14770490,JKRP-97-34,,,,12/08/1997,,,1,FALSE,22,44,,F,662642,XVX-93-36        ,11202204,,,,,,,,,,COW,,,,,30.2,110,48.7,58.8,18.5
129,2669680,14770491,JKRP-97-43,,,,24/08/1997,,,1,FALSE,55,44,,F,662300,XVX-93-51        ,11202205,,,,,,,,,,COW,,,,,80.5,131,48.9,89.9,17.2
130,2669680,14770492,JKRP-97-47,,,,27/08/1997,,,1,FALSE,81,44,,F,662246,XVX-93-58        ,11202225,,,,,,,,,,COW,,,,,130.3,140,46.4,99.5,13.8
131,2669680,14770493,JKRP-97-17,,,,8/08/1997,,,,FALSE,28,36,,F,662642,XVX-92-48        ,10489348,,,,,CULLED,UNKNWN,,,,HEIFER,,,,,,59,,,
132,2669680,14770494,JKRP-97-4,,,,4/08/1997,,,1,FALSE,40,42,,F,662300,XVX-92-5         ,10489317,,,,,,,,,,COW,,,,,51.4,5,48.8,73.2,17.4
133,2669680,14770495,JKRP-97-42,,,,21/08/1997,,,1,FALSE,51,44,,F,662300,XVX-94-67        ,12335201,,,,,,,,,,COW,,,,,66.6,129,49.1,83.9,13.1
134,2669680,14770496,JKRP-97-37,,,,16/08/1997,,,1,FALSE,39,23,,F,662642,XVX-90-39        ,8882593,,,,,,,,,,COW,,,,,9.2,126,43.2,69.9,15
135,2669680,14770497,JKRP-97-49,,,,27/08/1997,,,1,FALSE,49,42,,F,663551,XVX-92-57        ,10489340,,,,,,,,,,COW,,,,,72.3,144,52.8,84.9,17
136,2669680,14770498,JKRP-97-24,,,1/10/1997,9/08/1997,,,,FALSE,33,35,,F12,662246,XVX-89-17        ,8127191,,,,,DIED,,,,,CALF,,,,,,97024,,,
137,2669680,14770499,JKRP-97-13,,,,6/08/1997,,,1,FALSE,52,45,,F,662300,XVX-90-28        ,8882601,,,,,,,,,,COW,,,,,91.2,35,49.2,74,18.4
138,2669680,14770500,JKRP-97-15,,,,7/08/1997,,,1,FALSE,26,45,,F,63684,XVX-93-60        ,11202222,,,,,,,,,,COW,,,,,26.1,43,48.8,,
139,2669680,14770501,JKRP-97-3,,,,3/08/1997,,,1,FALSE,40,42,,F12J2,663386,XVX-93-25        ,11202193,,,,,,,,,,COW,,,,,33.3,4,53.1,74.3,13.6
140,2669680,14770502,JKRP-97-27,,,30/08/1997,10/08/1997,,,,FALSE,28,37,,F,662246,XVX-91-57        ,9637455,,,,,SOLD,,,,,CALF,,,,,,97027,,,
141,2669680,14770503,JKRP-97-38,,,1/05/1999,17/08/1997,,,,FALSE,40,37,,F,662246,XVX-91-58        ,9637461,,,,,DIED,UNKNWN,,,,CALF,,,,,,97038,,,
142,2669680,14770504,JKRP-97-5,,,,5/08/1997,,,1,FALSE,36,43,,F,662300,XVX-88-52        ,8127109,,,,,,,,,,COW,,,,,32.7,7,48.8,63.9,18.1
143,2669680,14770505,JKRP-97-30,,,,10/08/1997,,,1,FALSE,21,39,,F,663576,XVX-92-26        ,10489342,,,,,,,,,,COW,,,,,16.6,97,52.2,61.1,13.2
144,2669680,14770506,JKRP-97-54,,,,27/08/1997,,,1,FALSE,21,43,,F,662642,XVX-91-12        ,9637457,,,,,,,,,,COW,,,,,43.2,160,49.1,50.1,10.4
145,2669680,14770507,JKRP-97-48,,,,27/08/1997,,,1,FALSE,45,44,,F,663333,XVX-87-11        ,8127752,,,,,,,,,,COW,,,,,57.5,142,53.4,81.6,13.1
146,2669680,14770508,JKRP-97-12,,,27/07/1998,6/08/1997,,,,FALSE,38,35,,F,662300,XVX-91-16        ,9637446,,,,,Died,UNKNWN,,,,CALF,,,,,,97012,,,
147,2669680,15172821,JKRP-97-45,,,,26/08/1997,,,1,FALSE,30,42,,F11J1,63684,XVX-89-48        ,8127116,,,,,,,,,,COW,,,,,45.7,135,45.9,59.2,10.3
148,2669680,12335202,XVX-94-53,,,24/06/1996,1/09/1994,,,,FALSE,39,45,,F,662224,XVX-88-52        ,8127109,,,,,SOLD,,,,,CALF,,,,,,84053,,,
149,2669680,12335203,XVX-94-68,,,24/06/1996,8/09/1994,,,,FALSE,31,47,,F,662224,XVX-85-30        ,4895260,,,,,SOLD,,,,,CALF,,,,,,84068,,,
150,2669680,12761237,XVX-95-50,,,2/06/1996,25/08/1995,,,,FALSE,40,37,,F,63684,XVX-91-4         ,9637458,,,,,SOLD,,,,,CALF,,,,,,85050,,,
151,2669680,12761239,XVX-95-53,,,5/03/1997,21/08/1995,,,,FALSE,33,38,,F12J4,63684,2/17035/84/8413  ,2815251,,,,,SOLD,,,,,CALF,,,,,,85053,,,
152,2669680,12761242,XVX-95-16,,,5/03/1997,16/08/1995,,,,FALSE,38,38,,F,662025,XVX-90-46        ,8882564,,,,,SOLD,,,,,CALF,,,,,,85016,,,
153,2669680,12761244,XVX-95-17,,,8/04/1997,16/08/1995,,,,FALSE,24,37,,F,63622,XVX-92-27        ,10489319,,,,,CULLED,NOTPREGNANT,,,,CALF,,,,,,85017,,,
154,2669680,12761245,XVX-95-10,,,8/04/1997,13/08/1995,,,,FALSE,45,35,,F12J4,662025,XVX-88-72        ,8127193,,,,,CULLED,NOTPREGNANT,,,,CALF,,,,,,85010,,,
155,2669680,12761247,XVX-95-3,,,5/03/1997,10/08/1995,,,,FALSE,12,33,,F,63622,XVX-88-14        ,8127143,,,,,SOLD,,,,,CALF,,,,,,85003,,,
156,2669680,12761248,XVX-95-4,,,5/03/1997,10/08/1995,,,,FALSE,12,33,,F,63622,XVX-88-14        ,8127143,,,,,SOLD,,,,,CALF,,,,,,85004,,,
157,2669680,12761249,XVX-95-22,,,5/03/1997,17/08/1995,,,,FALSE,17,38,,F12J2,63622,XVX-92-42        ,10489337,,,,,SOLD,,,,,CALF,,,,,,85022,,,
158,2669680,12087295,XVX-94-30,,,24/06/1996,22/08/1994,,,,FALSE,64,47,,F8 J4,662224,XVX-89-38        ,8127147,,,,,SOLD,,,,,CALF,,,,,,84030,,,
159,2669680,12087296,XVX-94-28,,,24/06/1996,21/08/1994,,,,FALSE,21,42,,F,662224,XVX-88-39        ,8170667,,,,,SOLD,,,,,CALF,,,,,,84028,,,
160,2669680,12087302,XVX-94-50,,,24/06/1996,29/08/1994,,,,FALSE,36,48,,F12J4,662224,XVX-86-47        ,5705139,,,,,SOLD,,,,,CALF,,,,,,84050,,,
161,2669680,12087298,XVX-94-31,,,24/06/1996,22/08/1994,,,,FALSE,28,43,,F8 J4,63895,XVX-89-23        ,8127144,,,,,SOLD,,,,,CALF,,,,,,84031,,,
162,2669680,12087311,XVX-94-18,,,24/06/1996,15/08/1994,,,,FALSE,12,47,,F,63714,XVX-91-2         ,9637465,,,,,SOLD,,,,,CALF,,,,,,84018,,,
163,2669680,12087303,XVX-94-73,,,24/06/1996,15/09/1994,,,,FALSE,23,43,,F8 J4,63684,XVX-89-40        ,8127110,,,,,SOLD,,,,,CALF,,,,,,84073,,,
164,2669680,12087307,XVX-94-57,,,24/06/1996,2/09/1994,,,,FALSE,34,46,,F10J2,662224,XVX-89-16        ,8127086,,,,,SOLD,,,,,CALF,,,,,,84057,,,
165,2669680,12087309,XVX-94-11,,,24/06/1996,14/08/1994,,,,FALSE,21,47,,F,63684,XVX-91-31        ,9641092,,,,,SOLD,,,,,CALF,,,,,,84011,,,
166,2669680,12087315,XVX-94-2,,,24/06/1996,8/08/1994,,,,FALSE,9,45,,F,63714,XVX-88-43        ,8127201,,,,,SOLD,,,,,CALF,,,,,,84002,,,
167,2669680,12087316,XVX-94-62,,,2/06/1996,6/09/1994,,,,FALSE,,,,F,662224,XVX-88-38        ,8127140,,,,,SOLD,,,,,CALF,,,,,,84062,,,
168,2669680,12087317,XVX-94-17,,,24/06/1996,15/08/1994,,,,FALSE,36,43,,F,63684,XVX-88-8         ,8127205,,,,,SOLD,,,,,CALF,,,,,,84017,,,
169,2669680,12087318,XVX-94-70,,,24/06/1996,10/09/1994,,,1,FALSE,24,43,,F8 J4,63714,XVX-89-55        ,8127185,,,,,SOLD,,,,,COW,,,,,,84070,,,
170,2669680,12087319,XVX-94-42,,,24/06/1996,25/08/1994,,,,FALSE,45,46,,F10J2,662224,XVX-89-35        ,8127133,,,,,SOLD,,,,,CALF,,,,,,84042,,,
171,2669680,12087320,XVX-94-44,,,24/06/1996,25/08/1994,,,,FALSE,30,43,,F10J2,63895,XVX-89-65        ,8127093,,,,,SOLD,,,,,CALF,,,,,,84044,,,
172,2669680,12087322,XVX-94-36,,,24/06/1996,23/08/1994,,,,FALSE,44,46,,F,63895,,4658818,,,,,SOLD,,,,,CALF,,,,,,84036,,,
173,2669680,12087323,XVX-94-66,,,24/06/1996,7/09/1994,,,,FALSE,19,46,,F,63684,XVX-91-42        ,9641089,,,,,SOLD,,,,,CALF,,,,,,84066,,,
174,2669680,12087326,XVX-94-12,,,24/06/1996,14/08/1994,,,,FALSE,33,48,,F,63714,XVX-85-11        ,4895424,,,,,SOLD,,,,,CALF,,,,,,84012,,,
175,2669680,12087328,XVX-94-21,,,24/06/1996,17/08/1994,,,1,FALSE,39,41,,F12,63684,XVX-89-49        ,8127138,,,,,SOLD,,,,,COW,,,,,,84021,,,
176,2669680,12087329,XVX-94-14,,,24/06/1996,14/08/1994,,,,FALSE,5,42,,F12,63684,XVX-89-43        ,8127079,,,,,SOLD,,,,,CALF,,,,,,84014,,,
177,2669680,12087336,XVX-94-6,,,24/06/1996,10/08/1994,,,,FALSE,3,47,,F,63714,XVX-91-52        ,9641097,,,,,SOLD,,,,,CALF,,,,,,84006,,,
178,2669680,12087341,XVX-94-5,,,24/06/1996,10/08/1994,,,,FALSE,23,45,,F,63714,XVX-88-29        ,8127204,,,,,SOLD,,,,,CALF,,,,,,84005,,,
179,2669680,12335184,XVX-94-60,,,24/06/1996,4/09/1994,,,,FALSE,52,48,,F,662224,XVX-87-31        ,8127791,,,,,SOLD,,,,,CALF,,,,,,84060,,,
180,2669680,12335185,XVX-94-56,,,2/06/1996,2/09/1994,,,,FALSE,,,,F11J1,63684,XVX-89-47        ,8127202,,,,,SOLD,,,,,CALF,,,,,,84056,,,
181,2669680,12335186,XVX-94-58,,,24/06/1996,2/09/1994,,,1,FALSE,23,37,,F12J4,63895,2/17035/84/8497  ,2815299,,,,,SOLD,,,,,COW,,,,,,84058,,,
182,2669680,12335187,XVX-94-37,,,2/06/1996,24/08/1994,,,,FALSE,,,,F,63895,XVX-90-20        ,8882606,,,,,SOLD,,,,,CALF,,,,,,84037,,,
183,2669680,12335189,XVX-94-63,,,24/06/1996,6/09/1994,,,,FALSE,26,46,,F,63714,XVX-87-50        ,8127792,,,,,SOLD,,,,,CALF,,,,,,84063,,,
184,2669680,12335190,XVX-94-45,,,24/06/1996,26/08/1994,,,,FALSE,57,48,,F,63895,XVX-91-40        ,9641088,,,,,SOLD,,,,,CALF,,,,,,84045,,,
185,2669680,12335191,XVX-94-61,,,24/06/1996,5/09/1994,,,,FALSE,26,46,,F,662224,XVX-88-6         ,8170658,,,,,SOLD,,,,,CALF,,,,,,84061,,,
186,2669680,12335192,XVX-94-43,,,24/06/1996,25/08/1994,,,,FALSE,29,44,,F8 J4,63895,XVX-89-68        ,8127132,,,,,SOLD,,,,,CALF,,,,,,84043,,,
187,2669680,12335193,XVX-94-59,,,24/06/1996,2/09/1994,,,,FALSE,24,45,,F13J1,662224,XVX-90-31        ,8882604,,,,,SOLD,,,,,CALF,,,,,,84059,,,
188,2669680,12335194,XVX-94-51,,,24/06/1996,1/09/1994,,,,FALSE,43,48,,F,662224,XVX-85-34        ,4895446,,,,,SOLD,,,,,CALF,,,,,,84051,,,
189,2669680,12335195,XVX-94-40,,,24/06/1996,25/08/1994,,,,FALSE,34,45,,F12,63895,XVX-89-17        ,8127191,,,,,SOLD,,,,,CALF,,,,,,84040,,,
190,2669680,12335196,XVX-94-72,,,24/06/1996,16/09/1994,,,,FALSE,40,47,,F,63684,XVX-85-55        ,4895374,,,,,SOLD,,,,,CALF,,,,,,84072,,,
191,2669680,12335198,XVX-94-65,,,24/06/1996,7/09/1994,,,,FALSE,9,46,,F11J1,63714,XVX-89-14        ,8127106,,,,,SOLD,,,,,CALF,,,,,,84065,,,
192,2669680,12335199,XVX-94-49,,,24/06/1996,29/08/1994,,,1,FALSE,23,37,,F,63684,XVX-88-55        ,8170672,,,,,SOLD,,,,,COW,,,,,,84049,,,
193,2669680,12087324,XVX-94-1,,,31/05/1998,4/08/1994,,,2,FALSE,30,48,,F,63714,XVX-90-6         ,8882568,,,,,CULLED,UNKNWN,,,,COW,,,,,,1,,,
194,2669680,12087338,XVX-94-3,,,31/05/1998,9/08/1994,,,2,FALSE,24,46,,F10X2,63684,XVX-89-53        ,8127157,,,,,CULLED,FTC,,,,COW,,,,,,2,,,
195,2669680,11202229,XVX-93-39,,,16/05/1997,23/08/1993,,,2,FALSE,-1,45,,F12J4,63895,XVX-88-12        ,8127081,,,,,CULLED,LOWPRD,,,,COW,,,,,,3,,,
196,2669680,12761283,XVX-95-6,,,,11/08/1995,,,3,FALSE,42,48,,F10J2,662224,XVX-89-54        ,8127184,,,,,,,,,,COW,,,,,78.9,3,67.5,,
197,2669680,12087294,XVX-94-4,,,5/05/1997,9/08/1994,,,1,FALSE,74,41,,F8 J4,63684,XVX-89-11        ,8127178,,,,,CULLED,NOTPREGNANT,,,,COW,,,,,,4,,,
198,2669680,12761241,XVX-95-7,,,3/10/1997,13/08/1995,,,,FALSE,51,34,,F8 J4,662025,XVX-89-30        ,8127154,,,,,SOLD,,,,,CALF,,,,,,4,,,
199,2669680,12761303,XVX-95-15,,,4/12/1997,16/08/1995,,,1,FALSE,51,38,,F,662025,XVX-92-31        ,10489329,,,,,SOLD,,,,,COW,,,,,,5,,,
200,2669680,8127178,XVX-89-11,,,26/08/1996,19/08/1989,,,5,FALSE,66,39,,J8,62325,2/17035/84/8483  ,2815286,,,,,DIED,OTHER,,,,COW,,,,,,5,,,
201,2669680,8127162,XVX-88-20,,,16/05/1997,12/08/1988,,,7,FALSE,12,33,,F12J4,62888,,4217558,,,,,CULLED,LAMEREM,,,,COW,,,,,,6,,,
202,2669680,12761276,XVX-95-19,,,31/05/1998,17/08/1995,,,1,FALSE,48,44,,F,662025,XVX-92-15        ,10489353,,,,,CULLED,NOTPREGNANT,,,,COW,,,,,,6,,,
203,2669680,9637453,XVX-91-6,,,31/05/1998,12/08/1991,,,5,FALSE,48,50,,F12J4,63366,XVX-87-46        ,8127757,,,,,CULLED,NOTPREGNANT,,,,COW,,,,,,7,,,
204,2669680,8127147,XVX-89-38,,,,27/08/1989,,,9,FALSE,41,48,,J8,62325,XVX-86-7         ,5705104,,,,,,,,,,COW,,,,,70.2,8,78.9,,
205,2669680,8882608,XVX-90-15,,,,21/08/1990,,,8,FALSE,27,50,,F,63206,,4530888,,,,,CULLED,MLKFEV,,,,COW,,,,,56.6,9,78.6,,
206,2669680,8170667,XVX-88-39,,,16/05/1997,27/08/1988,,,7,FALSE,2,41,,F12J4,62325,,4217590,,,,,CULLED,INJURY,,,,COW,,,,,,10,,,
207,2669680,12761285,XVX-95-23,,,,18/08/1995,,,3,FALSE,35,37,,F12J4,662025,XVX-87-19        ,8127765,,,,,,,,,,COW,,,,,64.8,10,67.6,73.6,12.9
208,2669680,12087310,XVX-94-8,,,,12/08/1994,,,4,FALSE,26,38,,F12J4,63895,XVX-90-33        ,8882590,,,,,,,,,,COW,,,,,48.8,11,71.5,,
209,2669680,9637458,XVX-91-4,,,,10/08/1991,,,7,FALSE,21,52,,F,63202,2/17035/84/8484  ,2815287,,,,,CULLED,CANCER,,,,COW,,,,,40,12,79.7,63.4,14.2
210,2669680,10489305,XVX-92-17,,,30/04/1999,14/08/1992,,,5,FALSE,18,51,,F12J4,63773,XVX-88-32        ,8170664,,,,,CULLED,UDR BD,,,,COW,,,,,,13,,,
211,2669680,10489347,XVX-92-8,,,,7/08/1992,,,6,FALSE,3,53,,F,63202,XVX-86-44        ,5705229,,,,,,,,,,COW,,,,,3.1,14,78.7,75.1,19.1
212,2669680,8127122,XVX-89-51,,,,2/09/1989,,,9,FALSE,10,43,,J8,62325,XVX-85-32        ,4895628,,,,,,,,,,COW,,,,,-3.2,15,78.9,,
213,2669680,9637463,XVX-91-33,,,10/09/1998,21/08/1991,,,5,FALSE,15,50,,F,63071,XVX-86-40        ,5705119,,,,,CULLED,MASTREM,,,,COW,,,,,,16,,,
214,2669680,9637441,XVX-91-27,,,15/03/1999,21/08/1991,,,6,FALSE,8,49,,F,63202,,4553286, ,,,,CULLED,OLDAGE,LOWPRD,,,COW,,,,,,321,,,
215,2669680,12087334,XVX-94-9,,,20/05/1999,13/08/1994,,,3,FALSE,13,51,,F,63895,XVX-91-49        ,9637459, ,,,,CULLED,NOTPREGNANT,,,,COW,,,,,-13.9,322,69.9,,
216,2669680,11202241,XVX-93-49,,,,26/08/1993,,,5,FALSE,14,51,,F,662244,XVX-88-55        ,8170672,,,,,,,,,,COW,,,,,11.9,19,76.4,,
217,2669680,12087333,XVX-94-10,,,15/03/1999,13/08/1994,,,3,FALSE,15,50,,F,63895,XVX-91-49        ,9637459,,,,,CULLED,UDR BD,,,,COW,,,,,,20,,,
218,2669680,12087335,XVX-94-13,,,,14/08/1994,,,4,FALSE,77,53,,F,63684,XVX-87-17        ,8127762,,,,,,,,,,COW,,,,,152.5,21,72.6,91.1,11.6
219,2669680,11202217,XVX-93-37,,,16/05/1997,22/08/1993,,,2,FALSE,-7,47,,F,63622,XVX-86-56        ,5705106,,,,,CULLED,NOTPREGNANT,,,,COW,,,,,,22,,,
220,2669680,12761274,XVX-95-25,,,,19/08/1995,,,3,FALSE,41,49,,F,63684,XVX-88-2         ,8127130,,,,,,,,,,COW,,,,,54.6,22,67.8,81.7,17.9
221,2669680,12761265,XVX-95-27,,,,19/08/1995,,,3,FALSE,60,49,,F10J2,63684,XVX-89-35        ,8127133,,,,,,,,,,COW,,,,,117.2,23,68.1,114.6,18.5
222,2669680,2815251,2/17035/84/8413,,,4/09/1996,20/08/1984,,,7,FALSE,11,51,DTR OF        NO   8,F8 J8,78229,,,,,,,DIED,OTHER,,,,COW,,,,,,23,,,
223,2669680,8127085,XVX-88-45,,,31/05/1998,30/08/1988,,,8,FALSE,41,42,,F12J4,62888,2/17035/84/845   ,2815243,,,,,CULLED,FTC,,,,COW,,,,,,24,,,
224,2669680,8127154,XVX-89-30,,,,26/08/1989,,,9,FALSE,42,38,,J8,63071,,4217539,,,,,,,,,,COW,,,,,86.9,25,78.2,83.7,9.7
225,2669680,8882594,XVX-90-24,,,,26/08/1990,,,8,FALSE,28,54,,F10J2,84264,XVX-85-12        ,4895183,,,,,,,,,,COW,,,,,18.3,26,79.4,70.8,14.4
226,2669680,8127789,XVX-87-8,,,15/09/1996,27/07/1987,,,8,FALSE,24,45,DTR OF NO 97,F12J4,82236,,4217504,,,,,DIED,MLKFEV,,,,COW,,,,,,27,,,
227,2669680,12761304,XVX-95-29,,,,19/08/1995,,,3,FALSE,51,51,,F,662224,XVX-92-63        ,10489328,,,,,,,,,,COW,,,,,93.9,27,68.9,100.1,17.4
228,2669680,12761271,XVX-95-30,,,,20/08/1995,,,3,FALSE,59,51,,F,662025,XVX-91-50        ,9641080,,,,,,,,,,COW,,,,,94.3,28,69,90.7,14.1
229,2669680,8882564,XVX-90-46,,,5/05/1997,9/09/1990,,,5,FALSE,14,51,,F12J4,63206,2/17035/84/8421  ,2815259,,,,,CULLED,LAMEREM,,,,COW,,,,,,28,,,
230,2669680,5705139,XVX-86-47,,,9/08/1996,25/08/1986,,,7,FALSE,17,49,DTR OF NO 41,F8 J8,76264,,4217457,,,,,DIED,MLKFEV,,,,COW,,,,,,29,,,
231,2669680,12761277,XVX-95-32,,,,21/08/1995,,,3,FALSE,25,51,,F,63684,XVX-92-12        ,10489355,,,,,,,,,,COW,,,,,28.6,29,69,63.9,19.4
232,2669680,8127110,XVX-89-40,,,6/07/1997,30/08/1989,,,6,FALSE,24,37,,J8,63372,,4217473,,,,,DIED,BLOATREM,,,,COW,,,,,,30,,,
233,2669680,12087327,XVX-94-15,,,,15/08/1994,,,4,FALSE,60,53,,F,63684,XVX-90-29        ,8882589,,,,,,,,,,COW,,,,,117.8,31,73.5,87.3,18.8
234,2669680,12087337,XVX-94-16,,,,15/08/1994,,,4,FALSE,32,52,,F,63684,XVX-91-21        ,9637450, ,,,,,,,,,COW,,,,,-1.3,323,72.6,67.3,19.5
235,2669680,11202252,XVX-93-41,,,2/06/1996,24/08/1993,,,1,FALSE,27,44,,F,63895,XVX-86-38        ,5705241,,,,,SOLD,,,,,COW,,,,,,32,,,
236,2669680,4895217,XVX-85-8,,,30/04/1999,29/07/1985,,,10,FALSE,2,48,DTR OF NO 19,F8 J8,78229,,4217437,,,,,CULLED,OLDAGE,LOWPRD,,,COW,,,,,,33,,,
237,2669680,10489319,XVX-92-27,,,,17/08/1992,,,6,FALSE,35,51,,F,63474,,5054334,,,,,,,,,,COW,,,,,91,34,78.4,94.8,18.8
238,2669680,10489303,XVX-92-10,,,31/05/1998,9/08/1992,,,4,FALSE,23,51,,F12J4,63474,2/17035/84/8413  ,2815251,,,,,CULLED,FTC,,,,COW,,,,,,35,,,
239,2669680,11202249,XVX-93-46,,,16/05/1997,26/08/1993,,,2,FALSE,4,47,,F10J2,63087,XVX-89-69        ,8127082,,,,,CULLED,LOWPRD,,,,COW,,,,,,36,,,
240,2669680,12761291,XVX-95-34,,,,22/08/1995,,,3,FALSE,47,51,,F,63895,XVX-85-55        ,4895374,,,,,,,,,,COW,,,,,85.1,36,69.5,104.7,18.8
241,2669680,12761270,XVX-95-38,,,,24/08/1995,,,3,FALSE,40,51,,F,63684,XVX-92-19        ,10489335,,,,,,,,,,COW,,,,,36.8,37,69.1,72.4,19.4
242,2669680,8127193,XVX-88-72,,,16/05/1997,20/09/1988,,,7,FALSE,29,40,,F8 J8,62849,,4217603,,,,,CULLED,NOTPREGNANT,,,,COW,,,,,,37,,,
243,2669680,8170664,XVX-88-32,,,31/05/1998,23/08/1988,,,8,FALSE,17,46,,F8 J8,62325,2/17035/84/8483  ,2815286,,,,,CULLED,FTC,,,,COW,,,,,,38,,,
244,2669680,12087340,XVX-94-19,,,,16/08/1994,,,4,FALSE,20,52,,F,63714,XVX-87-29        ,8127763,,,,,CULLED,UDR HEALTH,,,Cut teat,COW,,,,,3.6,39,73.6,65.8,14.2
245,2669680,8882563,XVX-90-10,,,17/12/1996,17/08/1990,,,5,FALSE,32,39,,F,63206,2/17035/84/847   ,2815245,,,,,DIED,BLOATREM,,,,COW,,,,,,40,,,
246,2669680,13316435,XVX-95-40,,,,24/08/1995,,,3,FALSE,46,50,,F13J1,662025,XVX-90-24        ,8882594,,,,,,,,,,COW,,,,,93.2,40,68,,
247,2669680,8882610,XVX-90-44,,,19/08/1996,6/09/1990,,,5,FALSE,46,52,,F,84264,XVX-85-28        ,4895435,,,,,DIED,OTHER,,,,COW,,,,,,41,,,
248,2669680,12761240,XVX-95-43,,,,25/08/1995,,,3,FALSE,55,48,,F,63684,XVX-88-45        ,8127085,,,,,,,,,,COW,,,,,99.4,41,66.3,76.7,11
249,2669680,11202212,XVX-93-53,,,,28/08/1993,,,5,FALSE,16,54,,F8 J4,63622,XVX-89-55        ,8127185,,,,,,,,,,COW,,,,,34.1,42,76.2,87.3,19.1
250,2669680,8127086,XVX-89-16,,,25/03/1999,20/08/1989,,,8,FALSE,22,40,,F4 J4,83283,,4217438,,,,,CULLED,UDR BD,,,,COW,,,,,,43,,,
251,2669680,11202239,XVX-93-31,,,,20/08/1993,,,5,FALSE,19,55,,F,63206,XVX-85-40        ,4895868,,,,,,,,,,COW,,,,,22.3,44,76.8,84.9,19.3
252,2669680,11202209,XVX-93-8,,,,10/08/1993,,,5,FALSE,14,52,,F,63087,XVX-88-8         ,8127205,,,,,,,,,,COW,,,,,39.4,45,76.3,61.6,14.2
253,2669680,10489300,XVX-92-11,,,,10/08/1992,,,6,FALSE,4,51,,F,63773,XVX-88-57        ,8127092,,,,,,,,,,COW,,,,,12,46,78.3,76.5,18.8
254,2669680,8127143,XVX-88-14,,,31/05/1998,19/08/1988,,,8,FALSE,13,34,,F12J4,62849,,4217519,,,,,CULLED,FTC,,,,COW,,,,,,47,,,
255,2669680,11202231,XVX-93-29,,,31/05/1998,18/08/1993,,,3,FALSE,19,49,,F10J2,63622,XVX-89-54        ,8127184,,,,,CULLED,FTC,,,,COW,,,,,,48,,,
256,2669680,12087306,XVX-94-22,,,,17/08/1994,,,4,FALSE,28,48,,F10J2,63895,XVX-85-20        ,4895467,,,,,,,,,,COW,,,,,69.2,49,72.6,66,19.1
257,2669680,9637443,XVX-91-14,,,30/06/1996,14/08/1991,,,3,FALSE,6,49,,F,63202,XVX-86-19        ,5705309,,,,,CULLED,,,,,COW,,,,,,49,,,
258,2669680,10489337,XVX-92-42,,,,25/08/1992,,,6,FALSE,17,53,,F8 J4,63366,XVX-89-68        ,8127132,,,,,,,,,,COW,,,,,10.7,50,76.5,,
259,2669680,8882592,XVX-90-47,,,5/05/1997,9/09/1990,,,4,FALSE,42,48,,F12J4,63206,,4217537,,,,,CULLED,NOTPREGNANT,,,,COW,,,,,,51,,,
260,2669680,12761275,XVX-95-44,,,,28/08/1995,,,3,FALSE,70,36,,F,63684,XVX-91-24        ,9637440,,,,,,,,,,COW,,,,,127.4,51,66.6,95.9,12.1
261,2669680,10489338,XVX-92-51,,,,29/08/1992,,,6,FALSE,28,55,,F11J1,63773,XVX-89-8         ,8127199,,,,,,,,,,COW,,,,,74.5,52,78.6,64.3,19.1
262,2669680,11202201,XVX-93-45,,,,25/08/1993,,,5,FALSE,59,39,,F,63087,XVX-90-44        ,8882610,,,,,DIED,DIFCLV,,,,COW,,,,,,53,,,
263,2669680,12087339,XVX-94-23,,,,19/08/1994,,,4,FALSE,26,53,,F,63895,XVX-87-11        ,8127752,,,,,,,,,,COW,,,,,33.3,54,73.7,,
264,2669680,8882587,XVX-90-14,,,9/09/1997,21/08/1990,,,6,FALSE,20,49,,F,84264,2/17035/84/8480  ,2815284,,,,,DIED,MLKFEV,,,,COW,,,,,,55,,,
265,2669680,8882586,XVX-90-1,,,,31/07/1990,,,8,FALSE,32,47,,F12J4,63206,XVX-87-15        ,8127756,,,,,,,,,,COW,,,,,60.7,56,78.5,78.4,17.6
266,2669680,10489351,XVX-92-45,,,,28/08/1992,,,6,FALSE,12,53,,F,62888,XVX-85-15        ,4895459,,,,,,,,,,COW,,,,,39.3,57,78.7,54.1,18.9
267,2669680,11202243,XVX-93-35,,,,21/08/1993,,,5,FALSE,9,52,,F11J1,63087,XVX-89-48        ,8127116,,,,,,,,,,COW,,,,,19.4,58,76.5,,
268,2669680,9641092,XVX-91-31,,,1/05/1999,22/08/1991,,,6,FALSE,-10,52,,F12,63071,XVX-88-34        ,8170666,,,,,CULLED,NOTPREGNANT,,,,COW,,,,,,59,,,
269,2669680,8127135,XVX-89-61,,,31/05/1998,7/09/1989,,,7,FALSE,53,36,,F4 J4,62888,,4217510,,,,,CULLED,FTC,,,,COW,,,,,,60,,,
270,2669680,12761256,XVX-95-47,,,4/12/1997,25/08/1995,,,1,FALSE,46,37,,F,662025,XVX-91-19        ,9637442,,,,,SOLD,UDR BD,,,,COW,,,,,,61,,,
271,2669680,12087325,XVX-94-24,,,7/04/1997,17/08/1994,,,1,FALSE,33,37,,F,63684,XVX-90-49        ,8882591,,,,,CULLED,LAMEREM,,,,COW,,,,,,61,,,
272,2669680,12087301,XVX-94-25,,,16/05/1997,20/08/1994,,,1,FALSE,40,45,,F,662224,XVX-90-46        ,8882564,,,,,CULLED,NOTPREGNANT,,,,COW,,,,,,62,,,
273,2669680,12761263,XVX-95-51,,,,25/08/1995,,,3,FALSE,18,48,,F12J4,662224,XVX-88-54        ,8127179,,,,,,,,,,COW,,,,,12.3,62,68.3,66.9,13.6
274,2669680,8127764,XVX-86-39,,,2/06/1996,16/08/1986,,,7,FALSE,22,51,DTR OF NO 223,F12J4,81208,,4217615,,,,,SOLD,,,,,COW,,,,,,63,,,
275,2669680,12087330,XVX-94-26,,,,20/08/1994,,,4,FALSE,44,51,,F,63895,XVX-87-37        ,8127142,,,,,,,,,,COW,,,,,67,63,72.8,82.6,14.1
276,2669680,8127767,XVX-87-39,,,15/03/1999,16/08/1987,,,10,FALSE,22,52,DTR OF NO 92,F12J4,81221,,4217500,,,,,CULLED,OLDAGE,HI CEL,,,COW,,,,,,64,,,
277,2669680,8882590,XVX-90-33,,,,18/08/1990,,,8,FALSE,25,46,,F8 J8,63206,,4217533,,,,,,,,,,COW,,,,,84.1,65,78.7,76.5,13.4
278,2669680,9637465,XVX-91-2,,,,9/08/1991,,,7,FALSE,23,58,,F,63206,XVX-87-33        ,8127770,,,,,,,,,,COW,,,,,-10.6,66,80.1,53.1,12.3
279,2669680,11202250,XVX-93-56,,,1/05/1999,29/08/1993,,,4,FALSE,8,49,,F,63206,XVX-88-67        ,8170678,,,,,CULLED,NOTPREGNANT,,,,COW,,,,,,67,,,
280,2669680,8882618,XVX-90-37,,,31/05/1998,1/09/1990,,,6,FALSE,29,40,,F,63211,XVX-87-11        ,8127752,,,,,CULLED,NOTPREGNANT,,,,COW,,,,,,68,,,
281,2669680,11202237,XVX-93-22,,,16/05/1997,16/08/1993,,,2,FALSE,11,48,,F12,63087,XVX-89-17        ,8127191,,,,,CULLED,NOTPREGNANT,,,,COW,,,,,,69,,,
282,2669680,12761272,XVX-95-54,,,12/09/1997,26/08/1995,,,1,FALSE,39,32,,F12,63684,XVX-89-49        ,8127138,,,,,DIED,DIFCLV,,,,COW,,,,,,69,,,
283,2669680,12087308,XVX-94-27,,,,21/08/1994,,,4,FALSE,60,52,,F,63684,XVX-90-1         ,8882586,,,,,,,,,,COW,,,,,139.1,70,73.4,89.2,14.8
284,2669680,11202224,XVX-93-5,,,,10/08/1993,,,5,FALSE,-3,41,,F,63206,XVX-90-20        ,8882606,,,,,,,,,,COW,,,,,-46.1,71,74.6,44.3,18.1
285,2669680,8127758,XVX-87-43,,,,19/08/1987,,,11,FALSE,29,52,DTR OF NO 257,F8 J8,81252,,4217639,,,,,,,,,,COW,,,,,59.9,72,79.7,,
286,2669680,11202203,XVX-93-26,,,,17/08/1993,,,5,FALSE,6,52,,F12J4,63087,XVX-90-33        ,8882590,,,,,,,,,,COW,,,,,-19.1,73,75.9,51.7,19.5
287,2669680,12087332,XVX-94-29,,,15/11/1998,21/08/1994,,,3,FALSE,-1,49,,F,63895,XVX-90-53        ,8882617,,,,,DIED,OTHERD,,,Salmonella?,COW,,,,,,74,,,
288,2669680,11202196,XVX-93-28,,,31/05/1998,19/08/1993,,,3,FALSE,47,48,,F,63895,XVX-88-45        ,8127085,,,,,CULLED,NOTPREGNANT,,,,COW,,,,,,75,,,
289,2669680,10489311,XVX-92-23,,,31/05/1998,14/08/1992,,,4,FALSE,21,50,,F,63474,XVX-87-9         ,8127777,,,,,CULLED,FTC,,,,COW,,,,,,76,,,
290,2669680,11202195,XVX-93-61,,,31/05/1998,2/09/1993,,,3,FALSE,19,50,,F12J4,63895,2/17035/84/8413  ,2815251,,,,,CULLED,FTC,,,,COW,,,,,,77,,,
291,2669680,9641084,XVX-91-9,,,,11/08/1991,,,7,FALSE,20,49,,F12J4,63202,,4217588,,,,,,NOTPREGNANT,,,,COW,,,,,22.5,78,79.7,,
292,2669680,8127201,XVX-88-43,,,12/08/1996,28/08/1988,,,7,FALSE,-6,35,,F12J4,62325,,5293653,,,,,DIED,OTHER,,,,COW,,,,,,79,,,
293,2669680,12761268,XVX-95-58,,,1/05/1999,27/08/1995,,,2,FALSE,56,49,,F,63895,XVX-90-6         ,8882568,,,,,CULLED,NOTPREGNANT,,,,COW,,,,,,79,,,
294,2669680,12087304,XVX-94-32,,,,22/08/1994,,,4,FALSE,50,52,,F,662224,XVX-86-35        ,5705122,,,,,,UDR BD,,,,COW,,,,,105,80,73,103.2,18.9
295,2669680,9637442,XVX-91-19,,,,17/08/1991,,,7,FALSE,38,49,,F12J4,63206,XVX-88-16        ,8127169,,,,,,,,,,COW,,,,,69.2,81,79.6,70.2,19
296,2669680,8882581,XVX-90-32,,,,30/08/1990,,,8,FALSE,41,54,,F,84264,XVX-87-33        ,8127770,,,,,,,,,,COW,,,,,51.8,82,80.2,,
297,2669680,10489321,XVX-92-18,,,,15/08/1992,,,6,FALSE,21,50,,F11J1,63474,XVX-89-31        ,8127114,,,,,,,,,,COW,,,,,36.6,83,78.3,82,17.2
298,2669680,8127111,XVX-89-27,,,7/08/1997,26/08/1989,,,7,FALSE,20,33,,J8,62325,,4575252,,,,,DIED,MASTREM,,,,COW,,,,,,84,,,
299,2669680,11202214,XVX-93-6,,,,9/08/1993,,,5,FALSE,21,50,,F12J4,63206,XVX-88-40        ,8127168,,,,,,,,,,COW,,,,,22.8,85,72.6,62.8,18.5
300,2669680,12087312,XVX-94-33,,,,22/08/1994,,,4,FALSE,45,52,,F,63684,XVX-91-25        ,9641077,,,,,,,,,,COW,,,,,56.3,86,73.6,74,19.5
301,2669680,10489312,XVX-92-60,,,,4/09/1992,,,6,FALSE,27,53,,F,63206,XVX-85-33        ,4896008,,,,,,,,,,COW,,,,,36.4,87,78.6,90.5,19.1
302,2669680,12087314,XVX-94-34,,,,22/08/1994,,,4,FALSE,58,49,,F,63895,,4217482,,,,,,,,,,COW,,,,,124.8,88,72.4,108.8,18.5
303,2669680,8127790,XVX-87-24,,,31/05/1998,10/08/1987,,,9,FALSE,2,49,DTR OF NO 75,F12J4,82266,,4217484,,,,,CULLED,OLDAGE,,,,COW,,,,,,89,,,
304,2669680,10489323,XVX-92-6,,,25/09/1998,5/08/1992,,,5,FALSE,-10,51,,F,63474,XVX-87-54        ,8129772,,,,,CULLED,UDR BD,,,,COW,,,,,,90,,,
305,2669680,8127205,XVX-88-8,,,30/04/1999,13/08/1988,,,9,FALSE,9,44,,F,62325,XVX-87-18        ,4570067,,,,,CULLED,OLDAGE,UDR BD,,,COW,,,,,,91,,,
306,2669680,9637464,XVX-91-28,,,,21/08/1991,,,7,FALSE,23,54,,F,63206,XVX-88-8         ,8127205,,,,,,,,,,COW,,,,,21.6,92,80,67.1,14.4
307,2669680,12087331,XVX-94-35,,,,23/08/1994,,,4,FALSE,48,52,,F,63895,XVX-85-4         ,4895960,,,,,,,,,,COW,,,,,124.1,93,73.1,71,11.6
308,2669680,8882614,XVX-90-50,,,1/05/1999,8/09/1990,,,7,FALSE,3,56,,F,63071,XVX-85-19        ,4895769,,,,,CULLED,NOTPREGNANT,,,,COW,,,,,,94,,,
309,2669680,5705337,XVX-86-18,,,1/09/1997,3/08/1986,,,9,FALSE,12,52,DTR OF NO 215,F12J4,76248,,4217608,,,,,DIED,MLKFEV,,,,COW,,,,,,95,,,
310,2669680,11202242,XVX-93-23,,,16/05/1997,16/08/1993,,,2,FALSE,-11,48,,F,63087,XVX-85-56        ,4895385,,,,,CULLED,LOWPRD,,,,COW,,,,,,96,,,
311,2669680,12761253,XVX-95-59,,,,28/08/1995,,,3,FALSE,50,52,,F,662025,XVX-91-2         ,9637465,,,,,,,,,,COW,,,,,123.2,96,69.6,,
312,2669680,11202220,XVX-93-24,,,20/11/1998,17/08/1993,,,4,FALSE,36,52,,F12J4,63895,XVX-85-26        ,4895484,,,,,DIED,OTHERD,,,Salmonella,COW,,,,,,97,,,
313,2669680,8882607,XVX-90-38,,,6/09/1997,1/09/1990,,,6,FALSE,-8,46,,F12J4,62888,,4217607,,,,,DIED,MLKFEV,,,,COW,,,,,,98,,,
314,2669680,9641075,XVX-91-23,,,,19/08/1991,,,7,FALSE,52,41,,F12J4,63366,,4217546,,,,,CULLED,UDR BD,,,,COW,,,,,110.9,99,78,,
315,2669680,2815250,2/17035/84/8412,,,1/09/1997,20/08/1984,,,9,FALSE,24,48,DTR OF        NO  54,F8 J8,77209,,,,,,,DIED,MLKFEV,,,,COW,,,,,,100,,,
316,2669680,8170652,XVX-89-33,,,16/05/1997,27/08/1989,,,6,FALSE,34,39,,F,62888,XVX-86-39        ,8127764,,,,,CULLED,OTHER,,,,COW,,,,,,101,,,
317,2669680,12761235,XVX-95-60,,,,29/08/1995,,,3,FALSE,51,51,,F,662025,XVX-91-6         ,9637453,,,,,,,,,,COW,,,,,85.1,101,69.4,83.6,14.7
318,2669680,8127185,XVX-89-55,,,,5/09/1989,,,9,FALSE,17,49,,J8,62325,2/17035/84/844   ,2815242,,,,,,,,,,COW,,,,,1.2,102,79,,
319,2669680,8127179,XVX-88-54,,,31/05/1998,1/09/1988,,,8,FALSE,2,36,,F8 J8,62325,,4217579,,,,,CULLED,FTC,,,,COW,,,,,,103,,,
320,2669680,12761295,XVX-95-65,,,31/05/1998,30/08/1995,,,1,FALSE,45,44,,F,662025,XVX-91-61        ,9641073,,,,,CULLED,FTC,,,,COW,,,,,,104,,,
321,2669680,10489301,XVX-92-55,,,16/05/1997,31/08/1992,,,3,FALSE,-20,46,,F12J4,63773,XVX-88-22        ,8127139,,,,,CULLED,UDR BD,,,,COW,,,,,,104,,,
322,2669680,10489314,XVX-92-29,,,15/03/1999,18/08/1992,,,5,FALSE,-5,47,,F10J2,63474,XVX-85-60        ,4895364,,,,,CULLED,INJURY,,,cut quarter,COW,,,,,,105,,,
323,2669680,8127133,XVX-89-35,,,,25/08/1989,,,9,FALSE,46,44,,F4 J4,63372,,4217508,,,,,,,,,,COW,,,,,94.1,106,78.9,,
324,2669680,10489332,XVX-92-28,,,,18/08/1992,,,6,FALSE,10,53,,F10J2,63474,XVX-89-25        ,8127124,,,,,,,,,,COW,,,,,-16.7,107,78.3,,
325,2669680,8127168,XVX-88-40,,,30/04/1999,27/08/1988,,,9,FALSE,6,44,,F8 J8,62325,,5054338,,,,,CULLED,OLDAGE,,,,COW,,,,,,108,,,
326,2669680,11202198,XVX-93-3,,,,8/08/1993,,,5,FALSE,44,53,,F12J4,63087,XVX-88-72        ,8127193,,,,,,,,,,COW,,,,,138,109,75.9,77.1,19.6
327,2669680,8127123,XVX-88-7,,,6/09/1996,13/08/1988,,,7,FALSE,-10,33,,F12J4,62325,,4217492,,,,,DIED,OTHER,,,,COW,,,,,,110,,,
328,2669680,12761279,XVX-95-67,,,1/08/1998,31/08/1995,,,1,FALSE,47,44,,F,63684,XVX-92-53        ,10489330,,,,,CULLED,FTC,,,,COW,,,,,,110,,,
329,2669680,10489336,XVX-92-1,,,,28/07/1992,,,6,FALSE,19,40,,F12J4,63474,2/17035/84/8426  ,2815264,,,,,,,,,,COW,,,,,48.9,111,77.2,,
330,2669680,11202210,XVX-93-47,,,,26/08/1993,,,5,FALSE,32,53,,F,63206,XVX-86-18        ,5705337,,,,,,,,,,COW,,,,,54.6,112,76.7,67.4,18.9
331,2669680,12335205,XVX-94-38,,,,24/08/1994,,,4,FALSE,28,52,,F,63714,XVX-91-13        ,9641081,,,,,,,,,,COW,,,,,65.2,113,73.6,73.9,18.3
332,2669680,11202211,XVX-93-16,,,,12/08/1993,,,5,FALSE,19,46,,F8 J2,63622,XVX-89-67        ,8170684,,,,,,,,,,COW,,,,,51.8,114,75.5,67.4,13.4
333,2669680,10489349,XVX-92-40,,,,24/08/1992,,,6,FALSE,31,54,,F12J4,63366,XVX-86-36        ,5705156,,,,,,,,,,COW,,,,,58.9,115,78.8,,
334,2669680,8127192,XVX-89-39,,,,29/08/1989,,,9,FALSE,58,42,,F6 J2,63206,XVX-85-58        ,4895794,,,,,,,,,,COW,,,,,124.9,116,78.5,,
335,2669680,11202233,XVX-93-9,,,,10/08/1993,,,5,FALSE,25,54,,F,63087,XVX-86-55        ,5705168,,,,,,,,,,COW,,,,,47.3,117,76.7,69.2,14.4
336,2669680,8127756,XVX-87-15,,,1/05/1999,3/08/1987,,,10,FALSE,17,55,,F8 J8,82279,,4217576,,,,,CULLED,NOTPREGNANT,,,,COW,,,,,,118,,,
337,2669680,11202194,XVX-93-48,,,,26/08/1993,,,5,FALSE,2,51,,F12J4,63087,,4217440,,,,,,,,,,COW,,,,,-0.8,119,75.8,56.6,14
338,2669680,8127214,XVX-89-34,,,,27/08/1989,,,9,FALSE,14,39,,F4 J4,62888,,4217641,,,,,,,,,,COW,,,,,29.6,120,78.6,65.2,13.1
339,2669680,10489339,XVX-92-24,,,,17/08/1992,,,6,FALSE,11,56,,F12J4,63474,XVX-87-19        ,8127765,,,,,,,,,,COW,,,,,8.6,121,78.9,50.4,12
340,2669680,8170661,XVX-88-19,,,,19/08/1988,,,10,FALSE,25,40,,F12J4,62891,,4217586,,,,,,,,,,COW,,,,,69.6,122,78.4,,
341,2669680,11202199,XVX-93-33,,,31/05/1998,20/08/1993,,,3,FALSE,29,49,,F12J4,63206,XVX-88-32        ,8170664,,,,,CULLED,LOWPRD,,,,COW,,,,,,123,,,
342,2669680,8882568,XVX-90-6,,,,18/08/1990,,,8,FALSE,46,55,,F,63206,,5054328,,,,,,,,,,COW,,,,,61.5,124,79.9,73.3,20
343,2669680,10489304,XVX-92-46,,,7/04/1997,28/08/1992,,,2,FALSE,28,46,,F12J4,63474,XVX-88-72        ,8127193,,,,,CULLED,NOTPREGNANT,,,,COW,,,,,,125,,,
344,2669680,12761238,XVX-95-72,,,,1/09/1995,,,3,FALSE,35,50,,F,63895,XVX-91-27        ,9637441,,,,,,,,,,COW,,,,,68.2,125,68,,
345,2669680,8127158,XVX-89-5,,,25/09/1998,17/08/1989,,,8,FALSE,-11,37,,F4 J4,62888,,4217552,,,,,CULLED,UDR BD,,,,COW,,,,,,126,,,
346,2669680,8170670,XVX-88-50,,,2/06/1996,31/08/1988,,,6,FALSE,-11,34,,F8 J8,62325,2/17035/84/8438  ,2815271,,,,,SOLD,,,,,COW,,,,,,127,,,
347,2669680,12087313,XVX-94-39,,,31/05/1998,24/08/1994,,,2,FALSE,39,48,,F,662224,XVX-86-32        ,5705364,,,,,CULLED,FTC,,,,COW,,,,,,127,,,
348,2669680,8882591,XVX-90-49,,,21/04/1997,7/09/1990,,,5,FALSE,11,46,,F,63206,XVX-85-42        ,4895969,,,,,CULLED,LAMEREM,,,,COW,,,,,,128,,,
349,2669680,12761255,XVX-95-73,,,1/08/1998,2/09/1995,,,1,FALSE,36,43,,F,662025,XVX-86-16        ,5705332,,,,,CULLED,FTC,,,,COW,,,,,,128,,,
350,2669680,8129789,XVX-87-13,,,,1/08/1987,,,11,FALSE,36,51,,F8 J8,81252,,4217475, ,,,,,,,,,COW,,,,,78.6,324,79.6,70.5,11.4
351,2669680,10489358,XVX-92-36,,,,22/08/1992,,,6,FALSE,26,55,,F,63202,XVX-87-29        ,8127763,,,,,,,,,,COW,,,,,15.7,130,78.6,,
352,2669680,12761243,XVX-95-75,,,31/05/1998,2/09/1995,,,1,FALSE,45,40,,F8 J4,63684,XVX-89-40        ,8127110,,,,,CULLED,FTC,,,,COW,,,,,,131,,,
353,2669680,4895424,XVX-85-11,,,16/05/1997,30/07/1985,,,9,FALSE,15,50,DTR OF NO 55,F12J4,80241,,4217468,,,,,CULLED,UDR BD,,,,COW,,,,,,131,,,
354,2669680,11202253,XVX-93-18,,,,12/08/1993,,,5,FALSE,13,51,,F,63087,XVX-88-31        ,8170663,,,,,,,,,,COW,,,,,27.3,132,76.3,58.8,14.1
355,2669680,4895484,XVX-85-26,,,29/04/1999,5/08/1985,,,10,FALSE,38,57,DTR OF NO 78,F8 J8,80241,,4217487,,,,,CULLED,NOTPREGNANT,OLDAGE,,,COW,,,,,,133,,,
356,2669680,10489335,XVX-92-19,,,,15/08/1992,,,6,FALSE,43,58,,F,63474,XVX-87-17        ,8127762,,,,,,,,,,COW,,,,,63.8,134,79,,
357,2669680,11202240,XVX-93-38,,,1/05/1999,22/08/1993,,,4,FALSE,31,52,,F,662244,XVX-86-4         ,5705307,,,,,CULLED,NOTPREGNANT,,,,COW,,,,,,135,,,
358,2669680,9641080,XVX-91-50,,,31/05/1998,30/08/1991,,,5,FALSE,54,54,,F,63206,XVX-87-17        ,8127762,,,,,CULLED,FTC,,,,COW,,,,,,136,,,
359,2669680,8127791,XVX-87-31,,,31/05/1998,13/08/1987,,,9,FALSE,25,51,DTR OF NO 132,F12J4,82228,,4217531,,,,,CULLED,FTC,,,,COW,,,,,,137,,,
360,2669680,11202226,XVX-93-15,,,,12/08/1993,,,5,FALSE,33,53,,F10J2,63622,XVX-89-25        ,8127124,,,,,,,,,,COW,,,,,74.3,138,76,68.3,19.6
361,2669680,8882589,XVX-90-29,,,15/09/1996,28/08/1990,,,4,FALSE,43,53,,F12J4,63206,XVX-85-26        ,4895484,,,,,DIED,DIFCLV,,,,COW,,,,,,139,,,
362,2669680,12761267,XVX-95-76,,,4/12/1997,3/09/1995,,,1,FALSE,44,38,,F,662025,XVX-92-40        ,10489349,,,,,SOLD,,,,,COW,,,,,,139,,,
363,2669680,8127761,XVX-87-30,,,1/02/1999,11/08/1987,,17/10/1998,10,FALSE,9,56,,F,81221,2/17035/84/8482  ,2815285,,,,,CULLED,LAMEREM,,,,COW,,,,,,140,,,
364,2669680,8127120,XVX-89-66,,,6/09/1997,13/09/1989,,,7,FALSE,44,37,,F8,63071,2/17035/84/8443  ,2815276,,,,,DIED,DIFCLV,,,,COW,,,,,,141,,,
365,2669680,12087305,XVX-94-41,,,31/05/1998,25/08/1994,,,2,FALSE,35,46,,F,63684,XVX-90-10        ,8882563,,,,,CULLED,FTC,,,,COW,,,,,,142,,,
366,2669680,12087299,XVX-94-46,,,16/05/1997,26/08/1994,,,1,FALSE,23,42,,F12J4,63895,,4217440,,,,,CULLED,NOTPREGNANT,,,,COW,,,,,,143,,,
367,2669680,13046970,CVBR-95-11,,,,16/08/1995,,,3,FALSE,28,52,,F,89287,CVBR-91-19       ,9393593,,,,,,,,,,COW,,,,,59.7,143,69.2,70.7,14.1
368,2669680,13122243,GTML-95-3,,,1/08/1998,6/08/1995,,,1,FALSE,37,42,,F,90242,GTML-91-38       ,9282967,,,,,CULLED,FTC,,,,COW,,,,,,144,,,
369,2669680,8127202,XVX-89-47,,,5/05/1997,31/08/1989,,,6,FALSE,11,38,,F6 J2,63071,XVX-86-57        ,5705142,,,,,CULLED,HI CEL,,,,COW,,,,,,144,,,
370,2669680,8127079,XVX-89-43,,,5/05/1997,29/08/1989,,,6,FALSE,-29,36,,F8,62888,2/17035/84/8435  ,2815268,,,,,CULLED,LOWPRD,,,,COW,,,,,,145,,,
371,2669680,13122263,GTML-95-4,,,1/05/1998,8/08/1995,,,1,FALSE,40,41,,F,90242,GTML-91-32       ,9270171,,,,,CULLED,FTC,,,,COW,,,,,,145,,,
372,2669680,9641067,XVX-91-32,,,,21/08/1991,,,7,FALSE,14,53,,F12J4,63206,XVX-88-40        ,8127168,,,,,,,,,,COW,,,,,-8,146,79.9,57.1,19.7
373,2669680,12068150,XVX-94-47,,,,27/08/1994,,,4,FALSE,32,52,,F,63895,XVX-86-39        ,8127764,,,,,,,,,,COW,,,,,38.6,147,73.5,74.1,14.2
374,2669680,9641102,XVX-91-46,,,,28/08/1991,,,7,FALSE,25,51,,F,63206,XVX-88-25        ,8127096,,,,,,,,,,COW,,,,,3.1,148,80.1,63.5,18.6
375,2669680,13122219,GTML-95-6,,,,7/08/1995,,,3,FALSE,54,53,,F,90258,BMQM-86-3        ,5651748,,,,,,,,,,COW,,,,,81.8,149,69.5,84.9,14.2
376,2669680,8170676,XVX-88-63,,,3/08/1996,5/09/1988,,,6,FALSE,25,34,,F8 J8,62325,XVX-85-14        ,4895557,,,,,DIED,OTHER,,,,COW,,,,,,149,,,
377,2669680,11202230,XVX-93-12,,,18/08/1997,11/08/1993,,,3,FALSE,30,47,,F8 J4,63087,XVX-89-68        ,8127132,,,,,CULLED,UDR BD,,,,COW,,,,,,150,,,
378,2669680,8127142,XVX-87-37,,,,9/08/1987,,,11,FALSE,40,52,,F12J4,82279,,4217518,,,,,,,,,,COW,,,,,89.8,151,79.9,,
379,2669680,4895960,XVX-85-4,,,31/05/1998,28/07/1985,,,8,FALSE,12,53,DTR OF NO 194,F12J4,80224,,4217590,,,,,CULLED,FTC,,,,COW,,,,,,152,,,
380,2669680,8882606,XVX-90-20,,,16/05/1997,24/08/1990,,,5,FALSE,-11,49,,F12J4,63071,,4217606,,,,,CULLED,LOWPRD,,,,COW,,,,,,153,,,
381,2669680,13122255,GTML-95-9,,,9/07/1997,9/08/1995,,,,FALSE,39,39,,F,90258,BMQM-87-39       ,6099044,,,,,DIED,INJURY,,,,CALF,,,,,,153,,,
382,2669680,12087297,XVX-94-48,,,31/05/1998,28/08/1994,,,2,FALSE,37,48,,F,63895,XVX-91-3         ,9641095,,,,,CULLED,FTC,,,,COW,,,,,,154,,,
383,2669680,8127130,XVX-88-2,,,,4/08/1988,,,10,FALSE,33,47,,F,62891,2/17035/84/8489  ,2815292,,,,,,,,,,COW,,,,,65.9,155,78.5,75.2,17.6
384,2669680,10489352,XVX-92-16,,,1/05/1999,12/08/1992,,,5,FALSE,45,55,,F,63474,XVX-85-57        ,4895515,,,,,CULLED,NOTPREGNANT,,,,COW,,,,,,156,,,
385,2669680,9637459,XVX-91-49,,,16/05/1997,29/08/1991,,,4,FALSE,8,49,,F12J4,63366,,4217482,,,,,CULLED,NOTPREGNANT,,,,COW,,,,,,157,,,
386,2669680,13122223,GTML-95-18,,,31/05/1998,12/08/1995,,,1,FALSE,47,45,,F,90242,4/4813/84/849    ,2913134,,,,,CULLED,FTC,,,,COW,,,,,,157,,,
387,2669680,9637440,XVX-91-24,,,,19/08/1991,,,7,FALSE,46,55,,F,63206,XVX-88-39        ,8170667,,,,,,,,,,COW,,,,,87.8,158,80,68.6,12
388,2669680,10489353,XVX-92-15,,,,12/08/1992,,,6,FALSE,51,57,,F,63474,XVX-87-18        ,4570067,,,,,,,,,,COW,,,,,117.9,159,79,81.7,19.3
389,2669680,8127792,XVX-87-50,,,1/08/1998,27/08/1987,,,9,FALSE,23,51,DTR OF NO 164,F12J4,82279,,4217561,,,,,CULLED,FTC,,,,COW,,,,,,160,,,
390,2669680,10489355,XVX-92-12,,,,10/08/1992,,,6,FALSE,3,55,,F12J4,63474,2/17035/84/8486  ,2815289,,,,,,,,,,COW,,,,,-9.8,161,78.3,,
391,2669680,8127124,XVX-89-25,,,,24/08/1989,,,9,FALSE,31,46,,F4 J4,62888,,4217496,,,,,CULLED,UDR HEALTH,,,Teat injury,COW,,,,,71.9,162,78.7,72.7,18.7
392,2669680,12335206,XVX-94-52,,,,1/09/1994,,,4,FALSE,39,53,,F,63895,XVX-87-42        ,8127766,,,,,,,,,,COW,,,,,75,163,73.7,99.6,19
393,2669680,9641088,XVX-91-40,,,16/05/1997,24/08/1991,,,4,FALSE,44,51,,F,63366,XVX-88-5         ,8127145,,,,,CULLED,NOTPREGNANT,,,,COW,,,,,,164,,,
394,2669680,13122218,GTML-95-19,,,,13/08/1995,,,3,FALSE,35,51,,F,89219,BMQM-90-14       ,8536885,,,,,,,,,,COW,,,,,31.2,164,68.5,66.6,18.6
395,2669680,11202204,XVX-93-36,,,,21/08/1993,,,5,FALSE,42,53,,F12J4,63206,XVX-87-43        ,8127758,,,,,,,,,,COW,,,,,69.9,165,75.8,74.9,19.7
396,2669680,10489330,XVX-92-53,,,1/05/1999,31/08/1992,,,5,FALSE,38,53,,F,63202,XVX-85-6         ,4895229,,,,,CULLED,ABORT,,,,COW,,,,,,166,,,
397,2669680,12335188,XVX-94-54,,,16/05/1997,1/09/1994,,,1,FALSE,49,46,,F,63684,XVX-91-24        ,9637440,,,,,CULLED,NOTPREGNANT,,,,COW,,,,,,167,,,
398,2669680,13122253,GTML-95-32,,,,18/08/1995,,,3,FALSE,30,52,,F,89287,GTML-91-28       ,9689607,,,,,,,,,,COW,,,,,42.9,167,68.7,72.3,18.2
399,2669680,11202205,XVX-93-51,,,,27/08/1993,,,5,FALSE,50,50,,F,662244,XVX-88-42        ,8127153,,,,,,,,,,COW,,,,,102.8,168,76.1,106,18.7
400,2669680,8127762,XVX-87-17,,,31/05/1998,4/08/1987,,,9,FALSE,62,56,DTR OF NO 139,F12J4,82279,,4217537,,,,,CULLED,FTC,OLDAGE,,,COW,,,,,,169,,,
401,2669680,9641097,XVX-91-52,,,,1/09/1991,,,7,FALSE,-9,57,,F,62888,XVX-85-19        ,4895769,,,,,,,,,,COW,,,,,-31.4,170,80.4,36.4,20
402,2669680,8172545,XVX-88-3,,,31/05/1998,8/08/1988,,,8,FALSE,6,33,,F12J4,62849,,4217601,,,,,DIED,UNKNWN,,,,COW,,,,,,171,,,
403,2669680,8882596,XVX-90-18,,,,23/08/1990,,,8,FALSE,7,52,,F12J4,63071,,4217554,,,,,,,,,,COW,,,,,20.1,172,79.6,,
404,2669680,14344097,FCLQ-95-33,,,,1/08/1995,,,3,FALSE,21,28,,F,,,,,,,,,,,,,COW,,,,,20.4,173,65.2,57.8,16.5
405,2669680,11202206,XVX-93-14,,,7/04/1997,12/08/1993,,,1,FALSE,7,44,,F,63622,XVX-86-16        ,5705332,,,,,CULLED,,,,,COW,,,,,,173,,,
406,2669680,8170658,XVX-88-6,,,31/05/1998,14/08/1988,,,8,FALSE,17,40,,F12J4,62888,,4217588,,,,,CULLED,FTC,,,,COW,,,,,,174,,,
407,2669680,10489315,XVX-92-56,,,15/03/1999,2/09/1992,,,5,FALSE,18,49,,F10J2,63206,XVX-89-28        ,8127102,,,,,CULLED,UDR BD,,,,COW,,,,,,175,,,
408,2669680,10489299,XVX-92-37,,,10/09/1998,23/08/1992,,,3,FALSE,40,49,,F8 J4,63773,XVX-89-11        ,8127178,,,,,CULLED,DIFCLV,,,,COW,,,,,,176,,,
409,2669680,10489343,XVX-92-25,,,31/05/1998,18/08/1992,,,4,FALSE,36,52,,F,63773,XVX-85-34        ,4895446,,,,,CULLED,FTC,,,,COW,,,,,,177,,,
410,2669680,10489308,XVX-92-43,,,31/05/1998,26/08/1992,,,4,FALSE,56,51,,F,63366,XVX-87-34        ,8127781,,,,,CULLED,FTC,,,,COW,,,,,,178,,,
411,2669680,11202225,XVX-93-58,,,,31/08/1993,,,5,FALSE,61,55,,F,63895,XVX-87-50        ,8127792,,,,,,,,,,COW,,,,,135.8,179,76.7,112.7,19.3
412,2669680,8127132,XVX-89-68,,,19/08/1996,15/09/1989,,,6,FALSE,24,43,,J8,62325,XVX-85-10        ,4895739,,,,,DIED,OTHER,,,,COW,,,,,,180,,,
413,2669680,13122239,GTML-95-37,,,,22/08/1995,,,3,FALSE,59,51,,F,89219,BMQM-89-33       ,7731338,,,,,,,,,,COW,,,,,100.8,180,69,81.4,19.4
414,2669680,8127184,XVX-89-54,,,,4/09/1989,,,9,FALSE,22,45,,F4 J4,63206,,4217588,,,,,,,,,,COW,,,,,46.6,181,78.7,,
415,2669680,8127199,XVX-89-8,,,20/11/1998,16/08/1989,,,7,FALSE,9,44,,F6 J2,62849,XVX-86-33        ,5705160,,,,,CULLED,RESPIRATORY,,,Chronic weight loss,COW,,,,,,182,,,
416,2669680,9637450,XVX-91-21,,,,17/08/1991,,,7,FALSE,39,55,,F12J4,63366,XVX-88-64        ,8127189,,,,,,,,,,COW,,,,,100.3,183,80.1,,
417,2669680,12335200,XVX-94-55,,,1/08/1998,2/09/1994,,,2,FALSE,4,47,,F,63895,XVX-85-56        ,4895385,,,,,CULLED,FTC,,,,COW,,,,,,184,,,
418,2669680,8127765,XVX-87-19,,,,6/08/1987,,,11,FALSE,18,58,DTR OF NO 47,F8 J8,82228,,4217463,,,,,,,,,,COW,,,,,65.3,185,78.1,,
419,2669680,13122231,GTML-95-36,,,,21/08/1995,,,3,FALSE,58,51,,F,662625,BLWF-89-2        ,7507643,,,,,,,,,,COW,,,,,72,186,68.9,80.8,19.4
420,2669680,11202207,XVX-93-20,,,26/08/1996,14/08/1993,,,2,FALSE,32,46,,F,63622,XVX-90-32        ,8882581,,,,,DIED,DIFCLV,,,,COW,,,,,,186,,,
421,2669680,10489313,XVX-92-58,,,23/09/1996,9/09/1992,,,3,FALSE,24,43,,F12J4,63773,XVX-88-58        ,8127188,,,,,DIED,G STAG,,,,COW,,,,,,187,,,
422,2669680,13122224,GTML-95-34,,,,20/08/1995,,,3,FALSE,35,52,,F,90279,4/4813/84/8437   ,2913162,,,,,,,,,,COW,,,,,36.3,187,69.4,72.2,14.2
423,2669680,5705168,XVX-86-55,,,,30/08/1986,,,11,FALSE,34,54,DTR OF NO 83,F12J4,76264,,4217492,,,,,,,,,,COW,,,,,118.6,188,79.9,,
424,2669680,8127078,XVX-89-46,,,11/03/1999,31/08/1989,,,8,FALSE,34,38,,F8,63206,2/17035/84/847   ,2815245,,,,,CULLED,LAMEREM,,,,COW,,,,,,189,,,
425,2669680,10489348,XVX-92-48,,,1/05/1999,30/08/1992,,,5,FALSE,49,52,,F,63202,XVX-88-52        ,8127109,,,,,CULLED,NOTPREGNANT,,,,COW,,,,,,190,,,
426,2669680,8127157,XVX-89-53,,,1/05/1999,3/09/1989,,,8,FALSE,21,40,,F4 X4,63071,,4217551,,,,,CULLED,NOTPREGNANT,,,,COW,,,,,,191,,,
427,2669680,10489317,XVX-92-5,,,15/03/1999,5/08/1992,,,5,FALSE,30,41,,F12J4,63366,2/17035/84/8412  ,2815250,,,,,CULLED,UDR BD,,,,COW,,,,,,192,,,
428,2669680,12335201,XVX-94-67,,,,7/09/1994,,,4,FALSE,46,53,,F,63714,XVX-91-58        ,9637461,,,,,,,,,,COW,,,,,123.3,193,73.8,76.5,15
429,2669680,12335204,XVX-94-69,,,,10/09/1994,,,4,FALSE,24,52,,F,63714,XVX-85-57        ,4895515,,,,,,,,,,COW,,,,,42.7,194,73.1,68.5,14.2
430,2669680,10489345,XVX-92-30,,,16/05/1997,18/08/1992,,,3,FALSE,-7,49,,F12,63474,XVX-89-17        ,8127191,,,,,CULLED,NOTPREGNANT,,,,COW,,,,,,195,,,
431,2669680,13099163,FCLQ-95-73,,,,31/08/1995,,,3,FALSE,52,51,,F11J5,662076,CRDR-89-68       ,7694493,,,,,,,,,,COW,,,,,103.4,195,69,85.2,18.6
432,2669680,8882593,XVX-90-39,,,,3/09/1990,,,8,FALSE,38,42,,F,63206,XVX-86-14        ,5705345,,,,,,,,,,COW,,,,,79.5,196,78.9,76.2,12.9
433,2669680,10489340,XVX-92-57,,,,2/09/1992,,,6,FALSE,-5,51,,F,62888,,4217586,,,,,,,,,,COW,,,,,-26.9,197,78.3,,
434,2669680,4895446,XVX-85-34,,,15/03/1999,12/08/1985,,,10,FALSE,28,56,DTR OF NO 71,F12J4,77209,,4217480,,,,,CULLED,OLDAGE,LOWPRD,,,COW,,,,,,198,,,
435,2669680,12335183,XVX-94-71,,,,14/09/1994,,,4,FALSE,56,52,,F12J4,63684,XVX-85-26        ,4895484,,,,,,,,,,COW,,,,,113.7,199,72.4,112.6,18.9
436,2669680,8127191,XVX-89-17,,,1/05/1999,21/08/1989,,,8,FALSE,6,49,,F8,63071,,4534272,,,,,CULLED,NOTPREGNANT,,,,COW,,,,,,200,,,
437,2669680,13122207,GTML-95-51,,,30/07/1997,27/08/1995,,,1,FALSE,51,43,,F,90279,BMQM-86-33       ,5651964,,,,,SOLD,,,,,COW,,,,,,201,,,
438,2669680,8882567,XVX-90-12,,,1/08/1998,20/08/1990,,,6,FALSE,1,51,,F12J4,63071,,4217440,,,,,CULLED,UNKNWN,,,,COW,,,,,,202,,,
439,2669680,8882601,XVX-90-28,,,1/08/1998,27/08/1990,,,6,FALSE,29,54,,F,63206,XVX-85-34        ,4895446,,,,,CULLED,FTC,,,,COW,,,,,,203,,,
440,2669680,11202222,XVX-93-60,,,,2/09/1993,,,5,FALSE,4,53,,F,63622,XVX-90-56        ,8882582,,,,,,,,,,COW,,,,,17.6,204,76.7,72.8,19
441,2669680,4895374,XVX-85-55,,,1/05/1999,23/08/1985,,,9,FALSE,33,55,DTR OF NO 44,F12J4,77209,,4217460,,,,,CULLED,NOTPREGNANT,,,,COW,,,,,,205,,,
442,2669680,8127203,XVX-88-15,,,2/06/1996,18/08/1988,,,6,FALSE,2,31,,F8 J8,62325,,4217623,,,,,SOLD,,,,,COW,,,,,,206,,,
443,2669680,12761251,XVX-95-37,,,15/03/1999,23/08/1995,,,2,FALSE,32,28,,F12J4,662025,XVX-87-41        ,8127785,,,,,CULLED,UDR BD,,,,COW,,,,,,206,,,
444,2669680,13122232,GTML-95-60,,,,2/09/1995,,,3,FALSE,55,52,,F,90281,BMQM-88-6        ,6839901,,,,,,,,,,COW,,,,,50.9,207,69.7,89.4,18.3
445,2669680,8882616,XVX-90-23,,,4/09/1998,25/08/1990,,,6,FALSE,22,53,,F,84264,XVX-86-45        ,5705235,,,,,DIED,MLKFEV,,,,COW,,,,,,208,,,
446,2669680,12761284,XVX-95-41,,,1/05/1998,25/08/1995,,,1,FALSE,46,38,,F,63684,XVX-91-21        ,9637450,,,,,CULLED,FTC,,,,COW,,,,,,209,,,
447,2669680,4895868,XVX-85-40,,,16/05/1997,14/08/1985,,,8,FALSE,-5,52,DTR OF NO 174,F12J4,80268,,4217570,,,,,CULLED,NOTPREGNANT,,,,COW,,,,,,209,,,
448,2669680,8127094,XVX-89-21,,,5/05/1997,22/09/1989,,,6,FALSE,10,37,,F8,63071,XVX-86-35        ,5705122,,,,,CULLED,LAMEREM,,,,COW,,,,,,210,,,
449,2669680,12761234,XVX-95-63,,,4/12/1997,30/08/1995,,,1,FALSE,42,35,,F,662025,XVX-88-20        ,8127162,,,,,SOLD,LAMEREM,,,,COW,,,,,,210,,,
450,2669680,12761246,XVX-95-31,,,,20/08/1995,,,3,FALSE,34,49,,F12J4,63684,XVX-88-32        ,8170664,,,,,CULLED,INJURY,,,,COW,,,,,57.3,211,68.2,72.3,19.2
451,2669680,11202193,XVX-93-25,,,,17/08/1993,,,4,FALSE,35,53,,F8 J4,63206,XVX-89-38        ,8127147,,,,,,,,,,COW,,,,,48.8,212,74.1,,
452,2669680,10489325,XVX-92-35,,,1/05/1999,22/08/1992,,,5,FALSE,27,53,,F,62888,XVX-87-31        ,8127791,,,,,CULLED,NOTPREGNANT,,,,COW,,,,,,213,,,
453,2669680,9641090,XVX-91-47,,,,28/08/1991,,,7,FALSE,26,54,,F,63206,XVX-85-40        ,4895868,,,,,CULLED,UDR BD,,,,COW,,,,,44.5,214,78.9,,
454,2669680,9641068,XVX-91-38,,,16/05/1997,21/08/1991,,,4,FALSE,36,50,,F,63366,,4658818,,,,,CULLED,NOTPREGNANT,,,,COW,,,,,,215,,,
455,2669680,13191989,HHTV-95-42,,,,31/08/1995,,,3,FALSE,47,51,,F,90281,BKPY-91-24       ,9514824,,,,,,,,,,COW,,,,,22.7,215,69,75,19.4
456,2669680,9637455,XVX-91-57,,,11/03/1999,1/09/1991,,,6,FALSE,1,53,,F,63211,XVX-87-39        ,8127767,,,,,CULLED,OTHERD,,,,COW,,,,,,216,,,
457,2669680,11202200,XVX-93-4,,,,7/08/1993,,,5,FALSE,43,38,,F,63895,XVX-90-10        ,8882563,,,,,,,,,,COW,,,,,81.3,217,74.3,,
458,2669680,9641073,XVX-91-61,,,,2/09/1991,,,7,FALSE,31,51,,F12J4,63206,XVX-88-48        ,8127098,,,,,,,,,,COW,,,,,43.4,218,80,69.1,18.5
459,2669680,12761250,XVX-95-49,,,,26/08/1995,,,3,FALSE,36,51,,F,63684,XVX-92-51        ,10489338,,,,,,,,,,COW,,,,,32,219,68.2,,
460,2669680,8127106,XVX-89-14,,,,18/08/1989,,,9,FALSE,-3,44,,F6 J2,63071,XVX-86-41        ,5705130,,,,,,,,,,COW,,,,,-23.9,220,79,,
461,2669680,5705307,XVX-86-4,,,1/05/1998,23/07/1986,,,9,FALSE,6,53,DTR OF NO 204,F,81228,,4534272,,,,,CULLED,OLDAGE,,,,COW,,,,,,221,,,
462,2669680,8170672,XVX-88-55,,,2/06/1996,2/09/1988,,,6,FALSE,-12,40,,F12J4,62325,2/17035/84/8497  ,2815299,,,,,SOLD,,,,,COW,,,,,,222,,,
463,2669680,13099162,FCLQ-95-80,,,,3/09/1995,,,3,FALSE,47,51,,F,63684,CRDR-90-55       ,8479677,,,,,,,,,,COW,,,,,53.5,222,67.3,75.9,19.4
464,2669680,11202197,XVX-93-32,,,31/03/1999,20/08/1993,,,4,FALSE,40,52,,F12J4,63895,XVX-86-47        ,5705139,,,,,CULLED,NOTPREGNANT,,,,COW,,,,,,223,,,
465,2669680,13046981,CVBR-95-22,,,31/05/1998,21/08/1995,,,1,FALSE,25,45,,F12J4,89287,CVBR-89-20       ,7785178,,,,,CULLED,FTC,,,,COW,,,,,,224,,,
466,2669680,13099081,FCLQ-95-56,,,15/03/1999,19/08/1995,,,2,FALSE,19,49,,F,63684,CRDR-90-7        ,8479687,,,,,CULLED,LOWPRD,,,,COW,,,,,,225,,,
467,2669680,4895435,XVX-85-28,,,13/07/1996,7/08/1985,,,7,FALSE,26,47,DTR OF NO 58,F12J4,74230,,4217471,,,,,DIED,INJURY,,,,COW,,,,,,225,,,
468,2669680,9641099,XVX-91-5,,,20/08/1997,10/08/1991,,,5,FALSE,6,52,,F,63366,XVX-86-45        ,5705235,,,,,DIED,DIFCLV,,,,COW,,,,,,226,,,
469,2669680,9637461,XVX-91-58,,,,4/09/1991,,,7,FALSE,24,56,,F,63211,2/17035/84/8443  ,2815276,,,,,,,,,,COW,,,,,22.2,227,80.4,,
470,2669680,8127109,XVX-88-52,,,31/05/1998,1/09/1988,,,8,FALSE,23,43,,F,62325,2/17035/84/8418  ,2815256,,,,,CULLED,FTC,,,,COW,,,,,,228,,,
471,2669680,13046955,CVBR-95-24,,,,22/08/1995,,,3,FALSE,17,51,,F,89208,CVBR-87-4        ,6290964,,,,,,,,,,COW,,,,,-5.6,229,67.8,,
472,2669680,8127116,XVX-89-48,,,11/09/1998,29/08/1989,,,8,FALSE,5,42,,F6 J2,62888,XVX-86-32        ,5705364,,,,,CULLED,MASTREM,OLDAGE,,,COW,,,,,,230,,,
473,2669680,13191993,HHTV-95-36,,,,28/08/1995,,,3,FALSE,38,51,,F,90258,BKPY-91-3        ,9514838,,,,,,,,,,COW,,,,,25.4,231,68.3,67.7,19.4
474,2669680,11202219,XVX-93-27,,,17/12/1996,19/08/1993,,,2,FALSE,33,47,,F12J4,63622,XVX-87-13        ,8129789,,,,,DIED,BLOATREM,,,,COW,,,,,,231,,,
475,2669680,13122241,GTML-95-58,,,,31/08/1995,,,3,FALSE,24,51,,F,662628,GTML-91-10       ,9282968,,,,,,,,,,COW,,,,,36.5,232,69.3,90.7,18.8
476,2669680,5705156,XVX-86-36,,,13/03/1997,17/08/1986,,,8,FALSE,6,50,,F8 J8,79224,,4217469,,,,,DIED,BLOATREM,,,,COW,,,,,,232,,,
477,2669680,13046956,CVBR-95-28,,,,25/08/1995,,,3,FALSE,38,51,,F12J4,90274,CVBR-90-34       ,10275601,,,,,,,,,,COW,,,,,54.9,233,68.9,100.5,18.8
478,2669680,11202238,XVX-93-57,,,16/05/1997,30/08/1993,,,2,FALSE,-5,47,,F,63622,,4534272,,,,,CULLED,LOWPRD,,,,COW,,,,,,233,,,
479,2669680,8127771,XVX-87-52,,,31/05/1998,30/08/1987,,,9,FALSE,-7,48,,F8 J8,82252,,4217533,,,,,CULLED,OLDAGE,,,,COW,,,,,,234,,,
480,2669680,13122250,GTML-95-38,,,,22/08/1995,,17/10/1998,3,FALSE,45,51,,F12J4,90274,BMQM-89-38       ,7731329,,,,,,,,,,COW,,,,,67,235,68.5,86.8,18.1
481,2669680,12761281,XVX-95-56,,,,25/08/1995,,,3,FALSE,45,51,,F12J2,662224,XVX-92-37        ,10489299,,,,,,,,,,COW,,,,,53.8,236,69.4,82.9,14
482,2669680,4895515,XVX-85-57,,,5/05/1997,27/08/1985,,,8,FALSE,18,55,,F12J4,76226,,4217492,,,,,CULLED,OLDAGE,,,,COW,,,,,,236,,,
483,2669680,10489342,XVX-92-26,,,30/04/1999,17/08/1992,,,5,FALSE,-9,53,,F,63474,XVX-86-48        ,5705279,,,,,CULLED,UDR BD,,,,COW,,,,,,237,,,
484,2669680,11202228,XVX-93-21,,,16/05/1997,15/08/1993,,,2,FALSE,1,47,,F12J4,63087,2/17035/84/8499  ,2815301,,,,,CULLED,NOTPREGNANT,,,,COW,,,,,,238,,,
485,2669680,13191962,HHTV-95-38,,,8/10/1998,29/08/1995,,,2,FALSE,30,42,,F,90258,BKPY-92-37       ,10396730,,,,,DIED,INJURY,,,,COW,,,,,,238,,,
486,2669680,11202232,XVX-93-30,,,,19/08/1993,,,5,FALSE,20,41,,F12J4,63087,XVX-87-19        ,8127765,,,,,,,,,,COW,,,,,17.3,239,74.9,89.3,17.5
487,2669680,13099116,FCLQ-95-530,,,,25/08/1995,,,3,FALSE,50,52,,F,63684,CRDR-92-15       ,10062313,,,,,,,,,,COW,,,,,78.2,240,69.6,79.1,19.4
488,2669680,12761282,XVX-95-11,,,15/03/1999,14/08/1995,,,2,FALSE,28,48,,F8 J4,63684,XVX-89-68        ,8127132,,,,,CULLED,BADTYPE,,,,COW,,,,,,241,,,
489,2669680,11202235,XVX-93-17,,,5/05/1997,13/08/1993,,,2,FALSE,12,46,,F10,63206,XVX-89-71        ,8127163,,,,,CULLED,LOWPRD,,,,COW,,,,,,241,,,
490,2669680,9637439,XVX-91-48,,,,29/08/1991,,,7,FALSE,-1,56,,F,62888,XVX-87-35        ,8127787,,,,,,,,,,COW,,,,,42,242,80.1,,
491,2669680,13046989,CVBR-95-23,,,,22/08/1995,,,3,FALSE,25,52,,F,89208,BKHM-86-18       ,5855922,,,,,,,,,,COW,,,,,41.7,243,69.7,60,19.5
492,2669680,8127082,XVX-89-69,,,10/09/1998,18/09/1989,,,7,FALSE,5,43,,F4 J4,63071,2/17035/84/8421  ,2815259,,,,,CULLED,MASTREM,OLDAGE,,,COW,,,,,,244,,,
493,2669680,8127159,XVX-87-45,,,16/05/1997,20/08/1987,,,8,FALSE,-11,48,,F12J4,82266,,4217554,,,,,CULLED,LOWPRD,,,,COW,,,,,,245,,,
494,2669680,12761287,XVX-95-55,,,,25/08/1995,,,3,FALSE,25,47,,F,63895,XVX-92-5         ,10489317,,,,,,,,,,COW,,,,,9,245,65.7,,
495,2669680,13046979,CVBR-95-38,,,,3/09/1995,,,3,FALSE,33,51,,F,89219,CVBR-87-11       ,6290961,,,,,,,,,,COW,,,,,31.8,246,68.8,75.2,18.1
496,2669680,4895769,XVX-85-19,,,31/05/1998,31/07/1985,,,8,FALSE,7,53,DTR OF NO 152,F12J4,80224,,4217550,,,,,CULLED,FTC,,,,COW,,,,,,247,,,
497,2669680,13191991,HHTV-95-39,,,,29/08/1995,,,3,FALSE,53,50,,F,90274,BKPY-91-77       ,9514786,,,,,,,,,,COW,,,,,38.3,248,66.9,86.6,18
498,2669680,11202227,XVX-93-40,,,16/05/1997,2/09/1993,,,2,FALSE,13,45,,F,662244,,5054337,,,,,CULLED,NOTPREGNANT,,,,COW,,,,,,248,,,
499,2669680,9637457,XVX-91-12,,,1/05/1999,14/08/1991,,,6,FALSE,26,49,,F,63206,XVX-88-24        ,8127087,,,,,CULLED,NOTPREGNANT,,,,COW,,,,,,249,,,
500,2669680,13122244,GTML-95-40,,,,22/08/1995,,,3,FALSE,52,52,,F,90274,BMQM-89-21       ,7731359,,,,,,,,,,COW,,,,,90,250,69.6,71.4,11.5
501,2669680,8127766,XVX-87-42,,,30/04/1999,19/08/1987,,,10,FALSE,15,54,DTR OF NO 105,F12J4,82252,,4217510,,,,,CULLED,OLDAGE,,,,COW,,,,,,251,,,
502,2669680,5705235,XVX-86-45,,,16/05/1997,20/08/1986,,,8,FALSE,-7,51,,F,76248,,4613080,,,,,CULLED,LOWPRD,,,,COW,,,,,,252,,,
503,2669680,13099143,FCLQ-95-58,,,,23/08/1995,,,3,FALSE,27,52,,F12J4,63990,XLV-88-130       ,7290794,,,,,,,,,,COW,,,,,-15.1,252,69.4,92.7,18.9
504,2669680,13099149,FCLQ-95-20,,,,17/08/1995,,,3,FALSE,43,52,,F,63999,CRDR-91-36       ,9259812,,,,,,,,,,COW,,,,,48.9,253,69.7,66.8,11.5
505,2669680,5705241,XVX-86-38,,,5/05/1997,16/08/1986,,,8,FALSE,2,52,,F12J4,76264,,4217537,,,,,CULLED,LAMEREM,,,,COW,,,,,,253,,,
506,2669680,8127752,XVX-87-11,,,15/03/1999,30/07/1987,,,10,FALSE,14,54,,F12J4,82279,,4217606,,,,,CULLED,OLDAGE,HI CEL,,,COW,,,,,,254,,,
507,2669680,8127763,XVX-87-29,,,9/09/1997,12/08/1987,,,9,FALSE,33,52,,F12J4,81221,,4217431,,,,,DIED,MLKFEV,,,,COW,,,,,,255,,,
508,2669680,13099118,FCLQ-95-43,,,,21/08/1995,,,3,FALSE,56,50,,F,63999,CRDR-92-61       ,10062303,,,,,,,,,,COW,,,,,71.6,256,66.5,87.9,13.9
509,2669680,13191972,HHTV-95-41,,,,30/08/1995,,,3,FALSE,92,49,,F,90274,,6061891,,,,,,,,,,COW,,,,,182.1,257,67.7,97.4,11.1
510,2669680,13191987,HHTV-95-43,,,30/07/1997,3/09/1995,,,1,FALSE,51,43,,F,89219,BKPY-91-57       ,9514796,,,,,SOLD,,,,,COW,,,,,,258,,,
511,2669680,9637446,XVX-91-16,,,9/09/1998,15/08/1991,,,5,FALSE,10,50,,F12J4,63206,XVX-88-28        ,8127137,,,,,DIED,UNKNWN,,,,COW,,,,,,259,,,
512,2669680,10489327,XVX-92-3,,,,4/08/1992,,,6,FALSE,1,50,,F12J4,62888,,4217546,,,,,,,,,,COW,,,,,-1.5,260,77.6,,
513,2669680,13191961,HHTV-95-37,,,,28/08/1995,,,3,FALSE,47,51,,F,90274,CQGL-89-43       ,7823321,,,,,,,,,,COW,,,,,18.2,261,68.9,79.8,14.1
514,2669680,10489318,XVX-92-49,,,,29/08/1992,,,6,FALSE,27,51,,F12J4,63202,2/17035/84/8491  ,2815294,,,,,,,,,,COW,,,,,47.1,262,78.4,92.9,18.8
515,2669680,10489329,XVX-92-31,,,,19/08/1992,,,6,FALSE,38,54,,F,63366,XVX-85-4         ,4895960,,,,,,,,,,COW,,,,,68.1,263,78.4,71.3,19
516,2669680,10489331,XVX-92-38,,,16/05/1997,23/08/1992,,,3,FALSE,-7,49,,F12,62888,XVX-86-30        ,5705200,,,,,CULLED,LOWPRD,,,,COW,,,,,,264,,,
517,2669680,13099114,FCLQ-95-70,,,,30/08/1995,,,3,FALSE,73,52,,F8 A4,90281,XLV-89-53        ,8168211,,,,,,,,,,COW,,,,,139.9,264,69.7,100.9,14.8
518,2669680,13191967,HHTV-95-35,,,,28/08/1995,,,3,FALSE,43,51,,F,89219,BKPY-92-74       ,10396690,,,,,,,,,,COW,,,,,48.8,265,69.5,,
519,2669680,10489328,XVX-92-63,,,,8/09/1992,,,6,FALSE,30,56,,F12J4,63206,2/17035/84/8497  ,2815299,,,,,,,,,,COW,,,,,45,266,78.9,73.5,14.6
520,2669680,10489298,XVX-92-4,,,2/06/1996,5/08/1992,,,2,FALSE,4,45,,F8 J4,63206,XVX-89-29        ,8127131,,,,,SOLD,,,,,COW,,,,,,267,,,
521,2669680,13046971,CVBR-95-36,,,,2/09/1995,,,3,FALSE,37,49,,F,89219,CVBR-90-1        ,8631592,,,,,,,,,,COW,,,,,59.9,267,69,69.5,14.5
522,2669680,10489316,XVX-92-14,,,,12/08/1992,,,6,FALSE,4,54,,F,62888,XVX-86-18        ,5705337,,,,,,,,,,COW,,,,,1.8,268,78.8,55.8,14.5
523,2669680,13122264,GTML-95-5,,,,8/08/1995,,,3,FALSE,40,51,,F,90242,GTML-91-32       ,9270171,,,,,,,,,,COW,,,,,41.5,269,68.4,62.8,11.4
524,2669680,10489326,XVX-92-32,,,,20/08/1992,,,6,FALSE,6,54,,F,63474,XVX-87-30        ,8127761, ,,,,,,,,,COW,,,,,-12.5,325,77.3,77,19.1
525,2669680,12761273,XVX-95-1,,,,5/08/1995,,,3,FALSE,38,36,,F,662224,XVX-90-20        ,8882606,,,,,,,,,,COW,,,,,83.8,271,67.4,97.5,16.9
526,2669680,12761292,XVX-95-48,,,,25/08/1995,,,3,FALSE,21,51,,F,63684,XVX-85-40        ,4895868,,,,,,,,,,COW,,,,,25.6,272,69.4,54.9,11.4
527,2669680,12761299,XVX-95-33,,,,22/08/1995,,,3,FALSE,3,51,,F,63684,XVX-91-48        ,9637439,,,,,,,,,,COW,,,,,-67,273,69,74,18.8
528,2669680,12761300,XVX-95-26,,,31/05/1998,19/08/1995,,,1,FALSE,33,43,,F10J2,662025,XVX-89-69        ,8127082,,,,,CULLED,FTC,,,,COW,,,,,,274,,,
529,2669680,12761298,XVX-95-52,,,,24/08/1995,,,3,FALSE,24,51,,F,63684,XVX-92-26        ,10489342,,,,,,,,,,COW,,,,,36.2,275,68.8,55.7,11.4
530,2669680,12761264,XVX-95-9,,,1/05/1999,14/08/1995,,,2,FALSE,-5,48,,F,63622,XVX-92-55        ,10489301,,,,,CULLED,NOTPREGNANT,,,,COW,,,,,,276,,,
531,2669680,12761260,XVX-95-28,,,,19/08/1995,,,3,FALSE,27,52,,F,63684,XVX-90-50        ,8882614,,,,,,,,,,COW,,,,,34.4,277,69.7,89.4,18.8
532,2669680,12761258,XVX-95-46,,,1/05/1999,25/08/1995,,,2,FALSE,6,49,,F,63684,XVX-92-6         ,10489323,,,,,CULLED,ABORT,,,,COW,,,,,,278,,,
533,2669680,12761252,CQQR-95-10,,,,31/08/1995,,,3,FALSE,28,48,,F,63684,XVX-91-31        ,9641092,,,,,,,,,,COW,,,,,,279,,,
534,,16122437,JKRP-98-48,,,,16/08/1998,,,,FALSE,25,31,,F     ,663409,XVX-93-5,,,,,,,,,,,HEIFER,,,,,33.5,98048,16,59,16.5
535,,16051638,JKRP-98-49,,,,18/08/1998,,,,FALSE,61,12,,F8    ,,HHTV-95-39,,,,,,,,,,,HEIFER,,,,,76.7,98049,6.4,80.6,14.2
536,,16122439,JKRP-98-51,,,,20/08/1998,,,,FALSE,60,14,,F7 J1 ,,XVX-92-15,,,,,,,,,,,HEIFER,,,,,81.5,98051,7.3,83.3,14.4
537,,16122442,JKRP-98-52,,,,21/08/1998,,,,FALSE,53,38,,F12J2 ,63999,XVX-93-25,,,,,,,,,,,HEIFER,,,,,70.7,98052,19.7,,
538,,16122446,JKRP-98-54,,,,23/08/1998,,,,FALSE,50,39,,F     ,63999,XVX-92-63,,,,,,,,,,,HEIFER,,,,,64.8,98054,20.1,74.7,17.6
539,,16032793,JKRP-98-55,,,,30/08/1998,,,,FALSE,41,40,,F     ,63999,DGDW-92-42,,,,,,,,,,,HEIFER,,,,,47.9,98055,20.6,,
540,2669680,15592544,JKRP-98-46,,,,13/08/1998,,,,FALSE,90,38,,F12J3,662507,DGDW-93-23       ,10820917,,,,,,,,,,HEIFER,,,,,124,98046,19.4,,
541,2669680,15592543,JKRP-98-45,,,,13/08/1998,,,,FALSE,60,37,,F,662502,XVX-92-40        ,10489349,,,,,,,,,,HEIFER,,,,,78.4,98045,19,,
542,2669680,15592542,JKRP-98-44,,,,13/08/1998,,,,FALSE,49,38,,F13J1,63999,XVX-90-24        ,8882594,,,,,,,,,,HEIFER,,,,,62.1,98044,19.9,,
543,2669680,15592541,JKRP-98-43,,,,12/08/1998,,,,FALSE,68,37,,F,662502,XVX-90-6         ,8882568,,,,,,,,,,HEIFER,,,,,83.6,98043,19.2,,
544,2669680,15592540,JKRP-98-42,,,,12/08/1998,,,,FALSE,42,38,,F,63999,XVX-93-49        ,11202241,,,,,,,,,,HEIFER,,,,,53.8,98042,19.6,,
545,2669680,15592539,JKRP-98-41,,,,11/08/1998,,,,FALSE,62,33,,F,662300,XVX-95-44        ,12761275,,,,,,,,,,HEIFER,,,,,77.2,98041,17.2,80.9,16.9
546,2669680,15592538,JKRP-98-40,,,,11/08/1998,,,,FALSE,59,24,,F,663735,DGDW-93-25       ,10820894,,,,,,,,,,HEIFER,,,,,77.6,98040,12.5,81.1,15.7
547,2669680,15592537,JKRP-98-39,,,,10/08/1998,,,,FALSE,64,37,,F,662502,DGDW-93-5        ,10820880,,,,,,,,,,HEIFER,,,,,78.1,98039,19,,
548,2669680,15592536,JKRP-98-38,,,,10/08/1998,,,,FALSE,37,38,,F,63999,XVX-93-60        ,11202222,,,,,,,,,,HEIFER,,,,,43.7,98038,19.8,,
549,2669680,15592535,JKRP-98-37,,,,9/08/1998,,,,FALSE,59,23,,F13J3,663740,DGDW-94-35       ,11899628,,,,,,,,,,HEIFER,,,,,82.4,98037,11.9,83.5,15.6
550,2669680,15592534,JKRP-98-36,,,,9/08/1998,,,,FALSE,74,37,,F13J1,662507,XVX-93-15        ,11202226,,,,,,,,,,HEIFER,,,,,95.7,98036,19.1,89.6,17.4
551,2669680,15592533,JKRP-98-35,,,,8/08/1998,,,,FALSE,53,37,,F,662300,XVX-95-29        ,12761304,,,,,,,,,,HEIFER,,,,,66.3,98035,19.1,75.4,17.4
552,2669680,15592532,JKRP-98-34,,,,7/08/1998,,,,FALSE,54,34,,F,662300,XVX-95-56        ,12761281,,,,,,,,,,HEIFER,,,,,,98034,,,
553,2669680,15592531,JKRP-98-33,,,,7/08/1998,,,,FALSE,47,38,,F,662246,XVX-92-24        ,10489339,,,,,,,,,,HEIFER,,,,,63.3,98033,19.9,,
554,2669680,15592530,JKRP-98-32,,,,7/08/1998,,,,FALSE,54,22,,F,663737,DGDW-94-3        ,11899597,,,,,,,,,,HEIFER,,,,,69.7,98032,11.6,77.1,15.5
555,2669680,15592529,JKRP-98-31,,,,7/08/1998,,,,FALSE,80,35,,F10J2,662507,XVX-89-35        ,8127133,,,,,,,,,,HEIFER,,,,,110.2,98031,18.1,96.3,17.1
556,2669680,15592528,JKRP-98-30,,,,7/08/1998,,,,FALSE,54,37,,F,662300,GTML-95-6        ,13122219,,,,,,,,,,HEIFER,,,,,66.2,98030,19.3,,
557,2669680,15592527,JKRP-98-29,,,,7/08/1998,,,,FALSE,59,37,,F,662502,XVX-92-51        ,10489338,,,,,,,,,,HEIFER,,,,,73.3,98029,19.1,78.4,17.4
558,2669680,15592526,JKRP-98-28,,,,6/08/1998,,,,FALSE,76,38,,F12J4,662507,XVX-85-26        ,4895484,,,,,,,,,,HEIFER,,,,,104.4,98028,19.7,,
559,2669680,15570442,JKRP-98-11,,,,2/08/1998,,,,FALSE,50,36,,F13J1,662502,XVX-92-28        ,10489332,,,,,,,,,,HEIFER,,,,,65.4,98011,18.8,74.4,17.3
560,2669680,15457114,JKRP-98-21,,,,4/08/1998,,,,FALSE,38,37,,F,63999,XVX-93-56        ,11202250,,,,,,,,,,HEIFER,,,,,45.7,98021,19.3,,
561,2669680,15457113,JKRP-98-20,,,,4/08/1998,,,,FALSE,12,30,,F11J1,663338,XVX-89-14        ,8127106,,,,,,,,,,HEIFER,,,,,16.5,98020,15.5,49.5,16.4
562,2669680,15457112,JKRP-98-19,,,,4/08/1998,,,,FALSE,37,38,,F,63999,XVX-92-14        ,10489316,,,,,,,,,,HEIFER,,,,,47.1,98019,19.9,65.9,17.6
563,2669680,15457111,JKRP-98-18,,,,4/08/1998,,,,FALSE,53,37,,F,662300,GTML-95-40       ,13122244,,,,,,,,,,HEIFER,,,,,65.8,98018,19.2,75.1,17.4
564,2669680,15457110,JKRP-98-17,,,,4/08/1998,,,,FALSE,36,36,,F12J4,63999,XVX-88-40        ,8127168,,,,,,,,,,HEIFER,,,,,52.8,98017,19,,
565,2669680,15457109,JKRP-98-16,,,,3/08/1998,,,,FALSE,46,36,,F,662502,XVX-91-57        ,9637455,,,,,,,,,,HEIFER,,,,,57.6,98016,19,,
566,2669680,15457108,JKRP-98-15,,,,2/08/1998,,,,FALSE,53,37,,F,662300,FCLQ-95-73       ,13099163,,,,,,,,,,HEIFER,,,,,72.1,98015,19.1,77.9,17.4
567,2669680,15457107,JKRP-98-14,,,,2/08/1998,,,,FALSE,70,36,,F,662502,XVX-94-32        ,12087304,,,,,,,,,,HEIFER,,,,,86.1,98014,18.6,85.3,17.2
568,2669680,15457106,JKRP-98-13,,,,2/08/1998,,,,FALSE,76,36,,F,662507,XVX-91-19        ,9637442,,,,,,,,,,HEIFER,,,,,100,98013,18.6,,
569,2669680,15457105,JKRP-98-12,,,2/03/1999,2/08/1998,,,,FALSE,64,36,,F,662507,XVX-85-55        ,4895374,,,,,CULLED,BADTYPE,,,,CALF,,,,,,98012,,,
570,2669680,15447779,JKRP-98-27,,,,6/08/1998,,,,FALSE,47,39,,F,63999,XVX-91-2         ,9637465,,,,,,,,,,HEIFER,,,,,57.6,98027,20.4,,
571,2669680,15447778,JKRP-98-26,,,,6/08/1998,,,,FALSE,66,36,,F,662502,XVX-93-36        ,11202204,,,,,,,,,,HEIFER,,,,,85.2,98026,18.8,,
572,2669680,15447777,JKRP-98-25,,,,5/08/1998,,,,FALSE,43,38,,F12J2,63999,XVX-93-53        ,11202212,,,,,,,,,,HEIFER,,,,,58.2,98025,19.9,70.8,17.6
573,2669680,15447776,JKRP-98-24,,,,5/08/1998,,,,FALSE,79,37,,F,662507,XVX-93-3         ,11202198,,,,,,,,,,HEIFER,,,,,104.5,98024,19.1,,
574,2669680,15447775,JKRP-98-23,,,,5/08/1998,,,,FALSE,31,22,,F,663742,DGDW-93-48       ,10820888,,,,,,,,,,HEIFER,,,,,36.8,98023,11.3,60.7,15.5
575,2669680,15447774,JKRP-98-22,,,,5/08/1998,,,,FALSE,31,19,,F,663742,DGDW-93-32       ,10820892,,,,,,,,,,HEIFER,,,,,37.4,98022,9.8,61,15.1
576,2669680,15447773,JKRP-98-10,,,2/03/1999,31/07/1998,,,,FALSE,57,33,,F,662502,XVX-90-1         ,8882586,,,,,CULLED,BADTYPE,,,,CALF,,,,,,98010,,,
577,2669680,15447772,JKRP-98-9,,,,31/07/1998,,,,FALSE,54,35,,F,662502,XVX-91-9         ,9641084,,,,,,,,,,HEIFER,,,,,70.6,98009,18.3,,
578,2669680,15447771,JKRP-98-8,,,,30/07/1998,,,,FALSE,63,37,,F12A2,662300,FCLQ-95-70       ,13099114,,,,,,,,,,HEIFER,,,,,86.4,98008,19.2,84.9,17.4
579,2669680,15447770,JKRP-98-7,,,,30/07/1998,,,,FALSE,63,36,,F,662502,XVX-93-24        ,11202220,,,,,,,,,,HEIFER,,,,,82.8,98007,19,,
580,2669680,15379211,JKRP-98-6,,,,29/07/1998,,,,FALSE,52,33,,F10J2,662507,XVX-89-5         ,8127158,,,,,,,,,,HEIFER,,,,,73.8,98006,17.3,,
581,2669680,15379210,JKRP-98-5,,,,29/07/1998,,,,FALSE,40,37,,F,662300,FCLQ-95-58       ,13099143,,,,,,,,,,HEIFER,,,,,53.6,98005,19.3,69,17.4
582,2669680,15379209,JKRP-98-4,,,,28/07/1998,,,,FALSE,66,34,,F,662507,XVX-92-1         ,10489336,,,,,,,,,,HEIFER,,,,,87.7,98004,17.5,86.1,17
583,2669680,15379208,JKRP-98-3,,,,28/07/1998,,,,FALSE,42,36,,F,662502,XVX-92-57        ,10489340,,,,,,,,,,HEIFER,,,,,51.1,98003,18.5,67.8,17.2
584,2669680,15379207,JKRP-98-2,,,,27/07/1998,,,,FALSE,47,37,,F,662300,GTML-95-5        ,13122264,,,,,,,,,,HEIFER,,,,,57.2,98002,19.1,70.4,17.4
585,2669680,15379206,JKRP-98-1,,,2/12/1998,27/07/1998,,,,FALSE,47,34,,F,662300,GTML-95-58       ,13122241,,,,,DIED,OTHERD,,,,CALF,,,,,,98001,,,
586,2669680,15155667,CCTN-97-1,,,19/02/1999,22/07/1997,,,,FALSE,30,33,,F12V4,662014,,11165422,,,,,CULLED,NOTPREGNANT,,,,CALF,,,,,,87001,,,
587,2669680,15155666,CCTN-97-2,,,19/02/1999,21/08/1997,,,,FALSE,44,8,,F,662014,CCTN-88-5        ,11165421,,,,,CULLED,NOTPREGNANT,,,,CALF,,,,,,87002,,,
588,2669680,14857059,CPWJ-97-109,,,,6/09/1997,,,1,FALSE,71,44,,F,93270,CPWJ-93-42       ,11017259,,,,,,,,,,COW,,,,,88.5,278,49,89,18.5
589,2669680,14857057,CPWJ-97-80,,,,18/08/1997,,,1,FALSE,45,38,,F,663484,CPWJ-94-72       ,12228878,,,,,,,,,,COW,,,,,74.7,254,47.3,,
590,2669680,14857054,CPWJ-97-77,,,,14/08/1997,,,1,FALSE,33,43,,F,91236,CPWJ-94-69       ,12228884,,,,,,,,,,COW,,,,,14.3,251,48,,
591,2669680,14857035,CPWJ-97-107,,,,29/08/1997,,,1,FALSE,44,40,,F,663498,CPWJ-93-35       ,11017305,,,,,,,,,,COW,,,,,48.7,276,47.9,,
592,2669680,14857029,CPWJ-97-35,,,19/02/1999,30/07/1997,,,,FALSE,45,34,,F,92255,CPWJ-92-36       ,10472117,,,,,CULLED,NOTPREGNANT,,,,CALF,,,,,,87035,,,
593,2669680,14857020,CPWJ-97-106,,,,30/08/1997,,,1,FALSE,41,44,,F,90258,CPWJ-91-6        ,9611541,,,,,,,,,,COW,,,,,36.2,274,49.2,80.2,17.3
594,2669680,14856995,CPWJ-97-84,,,,22/08/1997,,,1,FALSE,8,32,,F12,663559,CPWJ-93-30       ,11017304,,,,,,UNKNWN,,,,COW,,,,,-18.4,258,45.8,50.2,16.1
595,2669680,14856992,CPWJ-97-83,,,,20/08/1997,,,1,FALSE,7,34,,F,663505,CPWJ-93-22       ,11017288,,,,,CULLED,LOWPRD,,,,COW,,,,,-54.8,255,35.6,,
596,2669680,14819065,BYTN-97-51,,,19/02/1999,4/08/1997,,,,FALSE,50,11,,F,91201,BYTN-92-78       ,10475645,,,,,CULLED,NOTPREGNANT,,,,CALF,,,,,,87051,,,
597,2669680,14819062,BYTN-97-86,,,,24/08/1997,,,1,FALSE,45,45,,F,91201,BYTN-91-25       ,9611577,,,,,,,,,,COW,,,,,32.1,237,49.3,82,17.3
598,2669680,14819037,BYTN-97-88,,,,25/08/1997,,,1,FALSE,52,39,,F,663505,BYTN-91-17       ,9611588,,,,,,,,,,COW,,,,,106,238,47.8,77.7,17.9
599,2669680,14819030,BYTN-97-94,,,,29/08/1997,,,1,FALSE,23,38,,F,663484,BYTN-90-32       ,8622272,,,,,,,,,,COW,,,,,5.2,244,46.6,59.5,16.9
600,2669680,14819023,BYTN-97-89,,,,25/08/1997,,,1,FALSE,26,40,,F,663498,BYTN-94-24       ,12213049,,,,,,,,,,COW,,,,,3.4,241,48.1,61.7,17.9
601,2669680,14818978,BYTN-97-99,,,,29/08/1997,,,1,FALSE,61,45,,F,92201,BYTN-90-7        ,8622269,,,,,,,,,,COW,,,,,89.5,249,49.3,92.7,17.3
602,2669680,14818976,BYTN-97-42,,,,2/08/1997,,,1,FALSE,53,40,,F,92201,,13332577,,,,,,,,,,COW,,,,,45,230,48,88.1,16.7
603,2669680,14709047,DJBX-97-125,,,,15/08/1997,,,1,FALSE,46,42,,F,93270,,10646463,,,,,,,,,,COW,,,,,44.5,203,48.5,100.7,17.6
604,2669680,14709038,DJBX-97-96,,,,5/08/1997,,,1,FALSE,48,41,,F,90274,,10706308,,,,,,,,,,COW,,,,,60.7,175,48.4,74.9,18.1
605,2669680,14709036,DJBX-97-133,,,,19/08/1997,,,1,FALSE,45,42,,F,93270,,11214548,,,,,,,,,,COW,,,,,39.1,213,48.9,72.8,18.3
606,2669680,14709035,DJBX-97-95,,,,4/08/1997,,,1,FALSE,79,39,,F,92255,,13218905,,,,,,,,,,COW,,,,,111.1,171,45.2,105.7,16.6
607,2669680,14709031,DJBX-97-131,,,,18/08/1997,,,1,FALSE,58,42,,F,93270,,10488761,,,,,,,,,,COW,,,,,76,208,48.6,82.1,17.4
608,2669680,14709030,DJBX-97-141,,,,22/08/1997,,,1,FALSE,44,43,,F,91201,DJBX-94-69       ,11741657,,,,,,,,,,COW,,,,,54.9,224,48.4,79.7,13
609,2669680,14709024,DJBX-97-105,,,,7/08/1997,,,1,FALSE,43,42,,F,90281,,10404433,,,,,,,,,,COW,,,,,44.9,184,48.6,,
610,2669680,14709023,DJBX-97-109,,,,10/08/1997,,,1,FALSE,50,42,,F,93291,,10488722,,,,,,,,,,COW,,,,,59.7,190,48.7,97.6,16.3
611,2669680,14709021,DJBX-97-104,,,,7/08/1997,,,1,FALSE,30,41,,F,90274,,11214537,,,,,,,,,,COW,,,,,44.1,182,48.3,64.3,17.3
612,2669680,14709016,DJBX-97-132,,,,19/08/1997,,,1,FALSE,65,41,,F,93270,,10464589,,,,,,,,,,COW,,,,,75.7,209,48.3,86.8,17.3
613,2669680,14709014,DJBX-97-97,,,19/02/1999,5/08/1997,,,,FALSE,55,36,,F,90281,DJBX-94-143      ,12449820,,,,,CULLED,NOTPREGNANT,,,,CALF,,,,,,87097,,,
614,2669680,14709012,DJBX-97-102,,,,6/08/1997,,,1,FALSE,35,34,,F,90281,,10488691,,,,,CULLED,BEHAV,,,,COW,,,,,44.8,177,17.8,,
615,2669680,14709011,DJBX-97-108,,,,10/08/1997,,,1,FALSE,53,40,,F,93291,DJBX-94-36       ,11574009,,,,,,,,,,COW,,,,,52.8,189,47.7,87.2,16.8
616,2669680,14709009,DJBX-97-121,,,,14/08/1997,,,1,FALSE,67,41,,F,90274,,12325186,,,,,,,,,,COW,,,,,119,200,48.5,88.7,17.3
617,2669680,14709008,DJBX-97-99,,,,5/08/1997,,,1,FALSE,71,43,,F,92304,DJBX-94-31       ,11574015,,,,,,,,,,COW,,,,,101.1,176,49.1,83.5,10.4
618,2669680,14708997,DJBX-97-149,,,,29/08/1997,,,1,FALSE,41,41,,F,93270,,10480843,,,,,,,,,,COW,,,,,38.8,225,48.3,70.4,18.1
619,2669680,14708996,DJBX-97-136,,,,20/08/1997,,,1,FALSE,46,23,,F,91236,,11739526,,,,,,,,,,COW,,,,,53.2,223,43.5,75,14.9
620,2669680,14708991,DJBX-97-130,,,,17/08/1997,,,1,FALSE,61,25,,F,93291,DJBX-94-125      ,12335795,,,,,,,,,,COW,,,,,86.9,206,44.4,93.3,14.8
621,2669680,14708989,DJBX-97-135,,,,20/08/1997,,,1,FALSE,47,41,,F,89208,,12513321,,,,,,,,,,COW,,,,,82,216,48.4,82,12.8
622,2669680,14708987,DJBX-97-128,,,,17/08/1997,,,1,FALSE,59,41,,F,90274,DJBX-94-82       ,11741635,,,,,,,,,,COW,,,,,113.5,205,48.3,109.6,17.5
623,2669680,14708986,DJBX-97-114,,,,12/08/1997,,,1,FALSE,33,41,,F,90274,,11214507,,,,,,,,,,COW,,,,,34.6,191,47.9,87.5,16.1
624,2669680,14708980,DJBX-97-115,,,20/05/1999,12/08/1997,,,,FALSE,52,34,,F,92255,,11214492,,,,,CULLED,NOTPREGNANT,,,,HEIFER,,,,,65.3,192,18,,
625,2669680,14708973,DJBX-97-118,,,,13/08/1997,,,1,FALSE,38,39,,F,90274,,10480709,,,,,,,,,,COW,,,,,32.7,198,45.2,74.8,12.5
626,2669680,14708970,DJBX-97-123,,,,15/08/1997,,,1,FALSE,46,40,,F,93291,,10480698,,,,,,,,,,COW,,,,,67.5,202,48.4,73,18
627,2669680,10820911,DGDW-93-40,,,,19/08/1993,,,5,FALSE,29,58,,F,662047,BGQK-88-24       ,7277247,,,,,,,,,,COW,,,,,37.6,30,81.9,64.9,15.6
628,2669680,10137119,DGDW-92-11,,,,28/07/1992,,,5,FALSE,22,58,,F12J4,87203,CVBV-88-77       ,6986500,,,,,,,,,,COW,,,,,26.5,84,81.9,,
629,2669680,11899632,DGDW-94-20,,,11/03/1999,6/08/1994,,,3,FALSE,34,54,,F8 J6,63293,CVBV-88-113      ,6986505,,,,,CULLED,LAMEREM,,,,COW,,,,,,258,,,
630,2669680,11541115,DGDW-93-71,,,,17/10/1993,,,5,FALSE,24,46,,F8,,DGDW-90-5        ,8542232,,,,,,,,,,COW,,,,,31.3,285,80.9,87.9,18.1
631,2669680,10137094,DGDW-92-1,,,,20/07/1992,,,6,FALSE,28,57,,F,662163,BGQK-89-31       ,7701153,,,,,,,,,,COW,,,,,14.1,286,83.8,68.3,14.8
632,2669680,10137065,DGDW-92-4,,,,27/07/1992,,,6,FALSE,9,59,,F,662004,4/184/84/842     ,5503550,,,,,,,,,,COW,,,,,-2.3,287,84.1,51.9,19.6
633,2669680,11491446,DGDW-93-70,,,,15/10/1993,,,5,FALSE,11,41,,F8,,4/184/83/834     ,2618107,,,,,,,,,,COW,,,,,2.4,288,75.2,78.8,17.4
634,2669680,11899582,DGDW-94-30,,,,8/08/1994,,,4,FALSE,40,55,,F,662224,BGQK-89-14       ,7701185,,,,,,,,,,COW,,,,,60.2,289,78.6,90.6,17.8
635,2669680,12262309,DGDW-94-87,,,30/04/1999,24/09/1994,,,3,FALSE,38,53,,F,63999,BLPF-91-21       ,9343491,,,,,CULLED,UDR BD,,,,COW,,,,,,290,,,
636,2669680,11899620,DGDW-94-57,,,,20/08/1994,,,4,FALSE,53,56,,F8 J6,662224,CVBV-89-3        ,7910652,,,,,,,,,,COW,,,,,78.6,291,79,93.1,14.6
637,2669680,10137066,DGDW-92-7,,,,28/07/1992,,,6,FALSE,10,59,,F,662163,BGQK-87-29       ,7276765,,,,,,,,,,COW,,,,,-4.9,292,83.9,51.8,19.5
638,2669680,11899633,DGDW-94-66,,,30/04/1999,28/08/1994,,,3,FALSE,47,54,,F10J4,662224,CVBV-86-27       ,5560781,,,,,CULLED,BEHAV,,,,COW,,,,,,293,,,
639,2669680,11899611,DGDW-94-2,,,,29/07/1994,,,4,FALSE,41,54,,F,662655,DGDW-90-25       ,8565901,,,,,,,,,,COW,,,,,49,294,77.9,,
640,2669680,11160636,DGDW-93-58,,,7/04/1999,3/09/1993,,,4,FALSE,35,55,,F,63206,BGQK-89-25       ,7701149,,,,,CULLED,NOTPREGNANT,HI CEL,,,COW,,,,,,295,,,
641,2669680,11899628,DGDW-94-35,,,,10/08/1994,,,4,FALSE,50,55,,F10J6,63684,CVBV-88-86       ,6986502,,,,,,,,,,COW,,,,,59.6,296,78.1,111.6,19.3
642,2669680,11899616,DGDW-94-55,,,30/04/1999,22/08/1994,,,3,FALSE,30,53,,F,662470,DGDW-90-11       ,8565871,,,,,CULLED,SLOW,,,,COW,,,,,,297,,,
643,2669680,11899606,DGDW-94-56,,,,20/08/1994,,,4,FALSE,53,56,,F,662224,BGQK-88-24       ,7277247,,,,,,,,,,COW,,,,,80.4,298,79,104.5,19.5
644,2669680,11899597,DGDW-94-3,,,,29/07/1994,,,4,FALSE,42,55,,F,63684,DGDW-90-3        ,8565897,,,,,,,,,,COW,,,,,52.6,299,78.6,72.9,19.1
645,2669680,10820927,DGDW-93-35,,,,17/08/1993,,,5,FALSE,47,56,,F8 J8,63684,CVBV-89-201      ,7910746,,,,,,,,,,COW,,,,,61.2,300,81.7,92.1,14.7
646,2669680,10137081,DGDW-92-17,,,,30/07/1992,,,6,FALSE,25,59,,F,662163,4/184/82/8211    ,2378626,,,,,,,,,,COW,,,,,33,301,83.9,,
647,2669680,11899648,DGDW-94-84,,,,11/09/1994,,,4,FALSE,35,55,,F,662091,BKCG-91-20       ,9344740,,,,,,,,,,COW,,,,,38,302,78.4,93.5,19.2
648,2669680,11899622,DGDW-94-8,,,,31/07/1994,,,4,FALSE,47,55,,F10J6,662223,CVBV-89-38       ,7910663,,,,,,,,,,COW,,,,,87.2,303,78.3,82.2,19.9
649,2669680,10820892,DGDW-93-32,,,,14/08/1993,,,5,FALSE,12,44,,F,662248,BGQK-86-19       ,5900586,,,,,,,,,,COW,,,,,12.5,304,81.2,57.8,13.2
650,2669680,10820894,DGDW-93-25,,,,12/08/1993,,,5,FALSE,11,58,,F,63898,DGDW-90-19       ,8565881,,,,,,,,,,COW,,,,,3.4,305,81.8,,
651,2669680,10137092,DGDW-92-31,,,,4/08/1992,,,6,FALSE,27,56,,F12X4,662004,,3332113,,,,,,,,,,COW,,,,,38.9,306,83.7,66.1,19.3
652,2669680,11899656,DGDW-94-51,,,,16/08/1994,,,4,FALSE,56,52,,F,662470,BLPF-91-40       ,9343487,,,,,,,,,,COW,,,,,93.9,307,78.2,85.6,14.2
653,2669680,10820880,DGDW-93-5,,,,27/07/1993,,,4,FALSE,39,55,,F,63366,4/184/82/8216    ,2378631,,,,,,,,,,COW,,,,,56.8,308,78.9,,
654,2669680,10820917,DGDW-93-23,,,20/05/1999,11/08/1993,,,4,FALSE,66,56,,F8 J6,662004,CVBV-89-79       ,7910692,,,,,CULLED,NOTPREGNANT,,,,COW,,,,,143.9,309,79.4,,
655,2669680,10820888,DGDW-93-48,,,,22/08/1993,,,5,FALSE,12,56,,F,63499,BGQK-86-26       ,6874876,,,,,,,,,,COW,,,,,31,310,81.4,77.6,19.4
656,2669680,10820910,DGDW-93-22,,,,9/08/1993,,,5,FALSE,36,57,,F,662297,BGQK-86-12       ,6893811,,,,,,,,,,COW,,,,,56.2,311,81.5,94.7,19.6
657,2669680,11899605,DGDW-94-23,,,,6/08/1994,,,4,FALSE,28,53,,F,662091,BGQK-88-13       ,7277245,,,,,,,,,,COW,,,,,53.4,312,78.8,63.4,18.8
658,2669680,11899646,DGDW-94-71,,,,1/09/1994,,,4,FALSE,52,55,,F,63684,BHYH-91-20       ,9315173,,,,,,,,,,COW,,,,,88.3,313,79,78.5,20
659,2669680,11899593,DGDW-94-11,,,,4/08/1994,,,4,FALSE,31,56,,F,662223,DGDW-90-19       ,8565881,,,,,,,,,,COW,,,,,41.9,314,78.7,,
660,2669680,11899614,DGDW-94-38,,,20/05/1999,12/08/1994,,,3,FALSE,29,41,,F,662497,CVBV-87-61       ,6086255,,,,,CULLED,NOTPREGNANT,,,,COW,,,,,37.1,315,74.2,,
661,2669680,11899599,DGDW-94-58,,,,20/08/1994,,,4,FALSE,8,56,,F,63622,BGQK-87-20       ,7276756,,,,,,,,,,COW,,,,,0.6,316,79,56,14.7
662,2669680,10820907,DGDW-93-53,,,,27/08/1993,,,5,FALSE,50,56,,F,63206,DGDW-90-30       ,8565904,,,,,,,,,,COW,,,,,50.6,317,81.7,74.8,20.1
663,2669680,12622249,CCTN-95-15,,,,12/08/1995,,,3,FALSE,55,52,SRD STRATHALLAN MISS CARA,F  SF,662718,CQRR-93-4        ,10749537,,,,,,,,,,COW,,,,,65,318,74.8,96.3,16.9
664,2669680,11686056,CQRR-94-8,,,,31/07/1994,,,4,FALSE,55,54,SRB STRATHALLAN C T UNITY,F  SF,87224,CQRR-91-28       ,9119694,,,,,,,,,,COW,,,,,110.7,319,74.4,100.2,17.8
665,2669680,9071816,CBDY-91-6,,,11/10/1998,12/07/1991,,,6,FALSE,29,60,CHARNWOOD B STAR KATIE-ET,F  PED,63802,BYKQ-87-34       ,6026024,,,,,DIED,MLKFEV,,,,COW,,,,,,320,,,
666,2669680,15985757,JKRP-98-50,,,,18/08/1998,,,,FALSE,48,23,,F     ,663737,DGDW-92-1,,,,,,,,,,,HEIFER,,,,,59.5,98050,11.9,72,15.6
667,2669680,15985758,JKRP-98-53,,,,21/08/1998,,,,FALSE,57,22,,F     ,663732,DGDW-94-71,,,,,,,,,,,HEIFER,,,,,71.7,98053,11.6,,
668,2669680,15985759,JKRP-98-56,,,,31/08/1998,,,,FALSE,51,35,,F     ,663558,DGDW-94-84,,,,,,,,,,,HEIFER,,,,,64.5,98056,18.3,74.5,17.2
669,2669680,15985756,JKRP-98-47,,,,14/08/1998,,,,FALSE,46,38,,F     ,63999,XVX-91-4,,,,,,,,,,,HEIFER,,,,,54.8,98047,19.6,69.7,17.5
670,2669680,15985760,JKRP-98-57,,,,5/09/1998,,,,FALSE,49,36,,F     ,663558,DGDW-94-11,,,,,,,,,,,HEIFER,,,,,65,98057,18.4,,
671,2669680,,JKRP-98-58,,,10/09/1998,7/09/1998,,,,FALSE,,,,,662507,DGDW-94-51,,,,,,DIED,OTHERD,,,,CALF,,,,,,98058,,,
672,2669680,15985762,JKRP-98-59,,,,9/09/1998,,,,FALSE,31,21,,F     ,663713,DGDW-94-2,,,,,,,,,,,HEIFER,,,,,39.5,98059,10.8,,
673,2669680,15985763,JKRP-98-60,,,,8/10/1998,,,,FALSE,47,30,,F8    ,,CBDY-91-6,,,,,,,,,,,HEIFER,,,,,58.8,98060,15.6,66.1,11.3
674,2669680,13657685,CQRR-96-24,,,,10/08/1996,,,2,FALSE,24,51,STRATHALLAN BANDIT GLAD  ,F  PED,87203,368876,,,DRY,,,,,,,,COW,,,,,50.4,127,61.1,62.2,14.6
675,2669680,11899624,DGDW-94-53,,,,16/08/1994,,,4,FALSE,30,56,,F,662224,CVBV-89-49       ,,,,,27/08/1998,,,,,,COW,,,,,14,123,79,66.3,19.1
676,2669680,10820890,DGDW-93-4,,,,27/07/1993,25/05/1998,,5,FALSE,-16,57,,F     ,662309,BGQK-87-2        ,,,DRY,,,,,,,,COW,,,,2.00E+12,-64.2,145,81.8,61.6,19.6
677,2669680,10137047,DGDW-92-42,,,1/05/1999,7/08/1992,25/05/1998,,5,FALSE,11,59,,F     ,63366,BGQK-85-3        ,,,DRY,,,CULLED,NOTPREGNANT,,,,COW,,,,2.00E+12,,209,,,
678,2669680,11899584,DGDW-94-5,,,,31/07/1994,25/05/1998,,4,FALSE,4,55,,F     ,662497,BGQK-87-2        ,,,DRY,,,,,,,,COW,,,,2.00E+12,-34.2,221,78.6,73.6,19.3
832,2669680,14533125,CQRR-97-5,,,,29/07/1997,,,1,FALSE,51,43,SRC STRATHALLAN HC UNITY,F  SF,662350,CQRR-94-8,11686056,,,,,,,,,,COW,,,,,71.5,290,49.8,,