"diseaseKey","cowKey","disDate","disType","VF","Reason","Quarter","Comment"
"1","36","1992-02-04 00:00:00","DMAST","FARMER","MAST","",""
"2","39","1992-04-18 00:00:00","DMISC","","FOGFEV","","(Suspected)"
"3","41","1992-03-31 00:00:00","DLAME","FARMER","LAME","FLEFT",""
"4","65","1992-06-22 00:00:00","DLAME","FARMER","LAME","FRIGHT","opened/cleaned"
"5","65","1992-12-23 00:00:00","DLAME","FARMER","LAME","BRIGHT",""
"6","67","1992-11-03 00:00:00","DMAST","FARMER","MAST","BLEFT",""
"7","69","1992-03-24 00:00:00","DMAST","FARMER","MAST","BLEFT",""
"8","70","1992-04-22 00:00:00","DLAME","FARMER","LAME","BRIGHT","Tendon injury"
"9","70","1992-06-22 00:00:00","DLAME","FARMER","LAME","BRIGHT","opened/cleaned"
"10","72","1992-03-11 00:00:00","DMAST","","MAST","BRIGHT",""
"11","72","1992-08-19 00:00:00","DLAME","FARMER","LAME","BLEFT",""
"12","73","1992-02-04 00:00:00","DMAST","FARMER","MAST","",""
"13","74","1993-05-07 00:00:00","DLAME","FARMER","LAME","BRIGHT","opened/cleaned"
"14","74","1992-08-15 00:00:00","DLAME","FARMER","LAME","BRIGHT","opened/cleaned"
"15","75","1992-05-11 00:00:00","DLAME","FARMER","LAME","FRIGHT","cleaned/opened"
"16","76","1992-05-04 00:00:00","DMISC","FARMER","MALCAT","",""
"17","77","1992-07-21 00:00:00","DLAME","FARMER","LAME","BLEFT","opened/cleaned"
"18","78","1992-07-13 00:00:00","DLAME","FARMER","LAME","FRIGHT",""
"19","79","1992-10-20 00:00:00","DLAME","FARMER","FTROT","BRIGHT",""
"20","79","1992-11-04 00:00:00","DLAME","FARMER","LAME","FRIGHT",""
"21","80","1992-06-15 00:00:00","DLAME","FARMER","LAME","FRIGHT","opened/cleaned"
"22","83","1992-06-26 00:00:00","DMAST","FARMER","MAST","BRIGHT","opened/cleaned"
"23","83","1992-08-15 00:00:00","DMAST","FARMER","MAST","BLEFT",""
"24","84","1992-05-11 00:00:00","DLAME","FARMER","LAME","BLEFT","opened/cleaned"
"25","84","1992-06-30 00:00:00","DLAME","FARMER","LAME","BRIGHT","opened/cleaned"
"26","84","1992-12-09 00:00:00","DMAST","FARMER","MAST","BLEFT",""
"27","85","1992-03-15 00:00:00","DMETAB","FARMER","MLKFEV","",""
"28","85","1992-03-19 00:00:00","DLAME","FARMER","LAME","BRIGHT",""
"29","85","1992-06-28 00:00:00","DLAME","FARMER","LAME","BLEFT","opened/cleaned"
"30","85","1992-08-12 00:00:00","DLAME","FARMER","LAME","BLEFT","opened/cleaned"
"31","86","1992-09-25 00:00:00","DLAME","FARMER","LAME","BLEFT",""
"32","89","1992-08-11 00:00:00","DLAME","FARMER","LAME","BLEFT","cleaned/clear"
"33","89","1992-08-14 00:00:00","DLAME","FARMER","LAME","BLEFT",""
"34","91","1992-03-28 00:00:00","DMAST","FARMER","MAST","BRIGHT",""
"35","91","1992-08-03 00:00:00","DLAME","FARMER","LAME","BRIGHT","opened/cleaned"
"36","93","1992-06-23 00:00:00","DMAST","FARMER","MAST","FLEFT",""
"37","93","1992-08-19 00:00:00","DMAST","FARMER","MAST","BLEFT",""
"38","93","1992-09-10 00:00:00","DLAME","FARMER","LAME","BRIGHT","opened/cleaned"
"39","93","1991-12-13 00:00:00","DLAME","FARMER","LAME","BRIGHT",""
"40","95","1992-03-19 00:00:00","DMETAB","FARMER","MLKFEV","",""
"41","95","1992-08-10 00:00:00","DLAME","FARMER","LAME","BRIGHT","opened/cleaned"
"42","95","1992-08-12 00:00:00","DLAME","FARMER","LAME","BRIGHT",""
"43","96","1993-04-08 00:00:00","DMAST","FARMER","MAST","FLEFT",""
"44","96","1993-04-09 00:00:00","DMETAB","FARMER","MLKFEV","",""
"45","96","1992-02-04 00:00:00","DMAST","FARMER","MAST","FRIGHT",""
"46","97","1992-08-07 00:00:00","DLAME","FARMER","LAME","BRIGHT",""
"47","99","1992-02-04 00:00:00","DMAST","FARMER","MAST","FLEFT",""
"48","100","1992-08-17 00:00:00","DLAME","FARMER","LAME","FLEFT",""
"49","100","1992-09-21 00:00:00","DLAME","FARMER","LAME","BRIGHT","opened/cleaned"
"50","100","1992-12-23 00:00:00","DLAME","FARMER","LAME","BRIGHT","opened/cleaned"
"51","100","1992-03-04 00:00:00","DLAME","FARMER","LAME","BRIGHT","20ml Mylipen"
"52","101","1993-09-23 00:00:00","DMAST","FARMER","MAST","BLEFT",""
"53","101","1993-09-25 00:00:00","DMAST","FARMER","MAST","BLEFT",""
"54","101","1992-08-11 00:00:00","DLAME","FARMER","LAME","BRIGHT","opned/cleaned"
"55","102","1993-04-08 00:00:00","DREPRO","FARMER","RETMEM","",""
"56","103","1992-03-11 00:00:00","DREPRO","FARMER","RETMEM","",""
"57","104","1993-04-26 00:00:00","DLAME","FARMER","LAME","BRIGHT",""
"58","104","1993-06-07 00:00:00","DMAST","FARMER","MAST","FLEFT",""
"59","104","1992-05-11 00:00:00","DMETAB","FARMER","MLKFEV","",""
"60","104","1992-08-12 00:00:00","DLAME","FARMER","LAME","BLEFT","opened/cleaned"
"61","104","1992-08-23 00:00:00","DLAME","FARMER","LAME","BRIGHT",""
"62","104","1992-10-09 00:00:00","DLAME","FARMER","WTLINE","BRIGHT",""
"63","105","1992-08-10 00:00:00","DLAME","FARMER","LAME","FRIGHT","opened/cleaned"
"64","106","1993-03-15 00:00:00","DREPRO","FARMER","RETMEM","",""
"65","106","1992-03-24 00:00:00","DMAST","FARMER","MAST","FRIGHT",""
"66","109","1993-07-22 00:00:00","DLAME","FARMER","LAME","BLEFT",""
"67","109","1992-05-05 00:00:00","DMETAB","FARMER","MLKFEV","",""
"68","109","1992-05-08 00:00:00","DREPRO","FARMER","RETMEM","",""
"69","111","1993-07-22 00:00:00","DLAME","FARMER","LAME","BRIGHT",""
"70","111","1993-08-07 00:00:00","DLAME","FARMER","LAME","BRIGHT",""
"71","111","1992-04-27 00:00:00","DMAST","FARMER","MAST","BLEFT",""
"72","111","1992-05-03 00:00:00","DMAST","FARMER","MAST","BLEFT",""
"73","113","1992-09-09 00:00:00","DLAME","FARMER","BRUISE","BRIGHT",""
"74","113","1992-09-24 00:00:00","DLAME","FARMER","LAME","FRIGHT",""
"76","115","1992-05-11 00:00:00","DLAME","FARMER","LAME","BRIGHT","opened/cleaned"
"79","118","1993-04-05 00:00:00","DREPRO","FARMER","RETMEM","",""
"80","120","1993-06-29 00:00:00","DLAME","FARMER","LAME","BLEFT","opened/cleaned"
"81","120","1993-12-09 00:00:00","DLAME","FARMER","LAME","BLEFT",""
"82","120","1993-12-29 00:00:00","DLAME","FARMER","LAME","BLEFT",""
"83","120","1992-05-16 00:00:00","DLAME","FARMER","LAME","BRIGHT",""
"84","120","1992-09-21 00:00:00","DLAME","FARMER","LAME","FRIGHT","opened/cleaned"
"85","120","1992-09-25 00:00:00","DLAME","FARMER","LAME","BLEFT",""
"86","120","1993-02-15 00:00:00","DMAST","FARMER","MAST","BLEFT",""
"87","122","1993-07-05 00:00:00","DLAME","FARMER","LAME","BRIGHT","opened/cleaned"
"88","122","1992-09-10 00:00:00","DLAME","FARMER","LAME","BLEFT","opened/cleaned"
"89","124","1993-07-26 00:00:00","DLAME","FARMER","LAME","BLEFT","opened/cleaned"
"90","124","1993-08-31 00:00:00","DLAME","FARMER","LAME","BRIGHT","opened/cleaned"
"91","124","1992-04-30 00:00:00","DMETAB","FARMER","MLKFEV","",""
"92","124","1992-02-04 00:00:00","DMAST","FARMER","MAST","BLEFT",""
"93","127","1992-08-14 00:00:00","DLAME","FARMER","BRUISE","FLEFT",""
"94","128","1993-03-18 00:00:00","DMAST","FARMER","MAST","BRIGHT",""
"95","128","1993-04-23 00:00:00","DLAME","FARMER","LAME","FLEFT","opened/cleaned"
"96","128","1992-05-11 00:00:00","DREPRO","VET","OSTDYS","",""
"97","128","1992-06-24 00:00:00","DLAME","FARMER","LAME","FLEFT","checked/nothing"
"98","128","1992-08-11 00:00:00","DLAME","FARMER","LAME","BRIGHT","opened/cleaned"
"99","130","1993-04-23 00:00:00","DLAME","FARMER","LAME","BRIGHT","opened/cleaned"
"100","132","1993-03-25 00:00:00","DMETAB","FARMER","MLKFEV","",""
"101","132","1992-04-05 00:00:00","DMETAB","FARMER","MLKFEV","",""
"103","134","1994-01-04 00:00:00","DMAST","FARMER","MAST","BLEFT",""
"104","134","1992-08-20 00:00:00","DMAST","FARMER","MAST","FLEFT",""
"105","134","1992-08-27 00:00:00","DMAST","FARMER","MAST","FLEFT",""
"106","135","1994-02-01 00:00:00","DMAST","FARMER","MAST","",""
"107","135","1992-04-01 00:00:00","DREPRO","FARMER","RETMEM","",""
"108","135","1992-08-27 00:00:00","DMAST","FARMER","MAST","BRIGHT",""
"110","137","1993-05-21 00:00:00","DREPRO","FARMER","METRIT","",""
"112","139","1992-07-24 00:00:00","DLAME","FARMER","LAME","FRIGHT","clear"
"113","139","1993-03-26 00:00:00","DMETAB","FARMER","MLKFEV","",""
"114","140","1993-04-05 00:00:00","DMETAB","FARMER","MLKFEV","",""
"115","140","1993-08-04 00:00:00","DMISC","VET","WGTLOS","","Unknown diag"
"116","140","1992-08-14 00:00:00","DLAME","FARMER","LAME","BLEFT","opened/cleaned"
"117","140","1992-02-03 00:00:00","DMAST","FARMER","MAST","",""
"118","141","1993-05-27 00:00:00","DLAME","FARMER","BRUISE","BRIGHT",""
"119","143","1993-11-03 00:00:00","DLAME","FARMER","LAME","BLEFT","opened/cleaned"
"120","143","1992-05-18 00:00:00","DLAME","FARMER","LAME","BRIGHT","opened/cleaned"
"121","144","1994-02-01 00:00:00","DMAST","FARMER","MAST","BRIGHT",""
"122","144","1992-08-25 00:00:00","DLAME","FARMER","BRUISE","FLEFT",""
"123","145","1993-06-29 00:00:00","DLAME","FARMER","LAME","BLEFT","opened/cleaned"
"124","145","1993-07-22 00:00:00","DLAME","FARMER","LAME","BLEFT",""
"125","145","1993-08-12 00:00:00","DLAME","FARMER","LAME","BLEFT",""
"126","145","1992-02-04 00:00:00","DMAST","FARMER","MAST","FLEFT",""
"127","146","1992-09-25 00:00:00","DLAME","FARMER","LAME","BLEFT",""
"128","147","1994-02-01 00:00:00","DMAST","FARMER","MAST","BLEFT",""
"129","149","1993-07-02 00:00:00","DLAME","FARMER","LAME","","opened/cleaned"
"130","149","1991-01-24 00:00:00","DLAME","FARMER","LAME","FLEFT",""
"131","150","1993-06-09 00:00:00","DLAME","FARMER","LAME","BLEFT","opened/cleaned"
"132","150","1993-06-26 00:00:00","DLAME","FARMER","LAME","BRIGHT","opened/cleaned"
"133","151","1993-06-16 00:00:00","DLAME","FARMER","BRUISE","BLEFT","opened/cleaned"
"134","151","1993-03-03 00:00:00","DLAME","FARMER","FTROT","BLEFT",""
"135","152","1994-02-01 00:00:00","DMAST","FARMER","MAST","BLEFT",""
"136","154","1993-03-25 00:00:00","DMAST","FARMER","MAST","BLEFT",""
"137","154","1994-02-01 00:00:00","DMAST","FARMER","MAST","BRIGHT",""
"138","154","1992-03-19 00:00:00","DMAST","FARMER","MAST","BRIGHT",""
"139","155","1993-07-12 00:00:00","DLAME","FARMER","LAME","BLEFT","opened/cleaned"
"140","155","1994-02-01 00:00:00","DMAST","FARMER","MAST","FLEFT",""
"141","155","1992-01-31 00:00:00","DMAST","FARMER","MAST","BLEFT",""
"142","156","1993-04-20 00:00:00","DCALV","FARMER","CLVPAR","",""
"143","156","1993-08-09 00:00:00","DLAME","FARMER","LAME","FRIGHT","opened/cleaned"
"144","156","1994-02-01 00:00:00","DMAST","FARMER","MAST","FRIGHT",""
"145","156","1992-03-15 00:00:00","DMETAB","FARMER","MLKFEV","",""
"146","156","1992-09-09 00:00:00","DLAME","FARMER","LAME","BRIGHT","opened/cleaned"
"147","156","1993-02-15 00:00:00","DMAST","FARMER","MAST","BLEFT",""
"148","156","1992-02-04 00:00:00","DMAST","FARMER","MAST","","lb"
"149","157","1994-02-01 00:00:00","DMAST","FARMER","MAST","BLEFT",""
"150","158","1992-04-03 00:00:00","DMETAB","FARMER","MLKFEV","",""
"151","158","1992-08-10 00:00:00","DLAME","FARMER","LAME","BLEFT","opened/cleaned"
"152","158","1993-04-07 00:00:00","DMETAB","FARMER","MLKFEV","",""
"153","158","1993-04-08 00:00:00","DMETAB","FARMER","MLKFEV","",""
"154","158","1992-02-04 00:00:00","DMAST","FARMER","MAST","",""
"155","159","1993-03-27 00:00:00","DMAST","FARMER","MAST","",""
"156","160","1993-07-26 00:00:00","DMAST","FARMER","MAST","BLEFT",""
"157","161","1992-09-10 00:00:00","DLAME","FARMER","LAME","BLEFT","opened/cleaned"
"159","165","1992-03-07 00:00:00","DMETAB","FARMER","MLKFEV","",""
"162","167","1992-08-19 00:00:00","DLAME","FARMER","LAME","BRIGHT",""
"167","169","1992-04-19 00:00:00","DLAME","FARMER","LAME","FLEFT",""
"179","176","1993-03-19 00:00:00","DMETAB","FARMER","MLKFEV","",""
"180","176","1993-06-25 00:00:00","DLAME","FARMER","LAME","BRIGHT","opened/cleaned"
"181","176","1992-08-12 00:00:00","DLAME","FARMER","LAME","BRIGHT","opened/cleaned"
"184","177","1993-05-22 00:00:00","DMAST","FARMER","MAST","",""
"185","177","1993-05-25 00:00:00","DMAST","FARMER","MAST","",""
"186","178","1993-03-29 00:00:00","DREPRO","FARMER","RETMEM","",""
"187","178","1993-06-30 00:00:00","DLAME","FARMER","LAME","BLEFT","opened/cleaned"
"188","178","1992-08-24 00:00:00","DLAME","FARMER","LAME","BRIGHT",""
"189","178","1992-08-25 00:00:00","DLAME","FARMER","LAME","BRIGHT","opened/cleaned"
"190","178","1992-03-10 00:00:00","DMETAB","FARMER","MLKFEV","",""
"194","183","1993-04-02 00:00:00","DMAST","FARMER","MAST","BRIGHT",""
"195","183","1993-05-22 00:00:00","DLAME","FARMER","BRUISE","BLEFT",""
"196","183","1993-12-23 00:00:00","DLAME","FARMER","LAME","BRIGHT","opened/cleaned"
"197","183","1992-09-25 00:00:00","DLAME","FARMER","LAME","BLEFT",""
"198","183","1991-12-02 00:00:00","DMAST","FARMER","MAST","FLEFT",""
"199","183","1991-12-11 00:00:00","DMAST","FARMER","MAST","BLEFT",""
"203","184","1993-06-29 00:00:00","DLAME","FARMER","LAME","BLEFT","opened/cleaned"
"204","184","1992-08-23 00:00:00","DLAME","FARMER","LAME","FLEFT",""
"205","185","1993-06-07 00:00:00","DLAME","FARMER","LAME","BLEFT","opened/cleaned"
"206","185","1994-02-01 00:00:00","DMAST","FARMER","MAST","BLEFT",""
"207","185","1992-07-30 00:00:00","DLAME","FARMER","LAME","BLEFT","opened/cleaned"
"212","186","1992-04-01 00:00:00","DLAME","FARMER","LAME","FRIGHT",""
"223","188","1993-01-11 00:00:00","DMISC","FARMER","INJR","","From drench gun"
"226","189","1993-07-05 00:00:00","DLAME","FARMER","LAME","BRIGHT",""
"227","189","1992-03-25 00:00:00","DMAST","FARMER","MAST","FLEFT",""
"228","189","1992-08-29 00:00:00","DMAST","FARMER","MAST","BRIGHT",""
"229","189","1992-10-14 00:00:00","DLAME","FARMER","LAME","BLEFT",""
"230","190","1992-08-17 00:00:00","DLAME","FARMER","LAME","FLEFT",""
"232","191","1993-06-08 00:00:00","DLAME","FARMER","BRUISE","BRIGHT",""
"237","200","1992-12-09 00:00:00","DLAME","FARMER","LAME","FRIGHT","opened/cleaned"
"243","206","1992-06-24 00:00:00","DLAME","FARMER","LAME","BLEFT","opened/cleaned"
"247","208","1992-04-10 00:00:00","DMAST","FARMER","MAST","BLEFT",""
"248","208","1992-08-09 00:00:00","DMAST","FARMER","MAST","BLEFT",""
"249","209","1993-12-06 00:00:00","DLAME","FARMER","LAME","BRIGHT",""
"251","210","1992-09-08 00:00:00","DLAME","FARMER","LAME","FRIGHT","opened/cleaned"
"253","211","1993-07-02 00:00:00","DLAME","FARMER","LAME","FRIGHT","opened/cleaned"
"254","211","1992-07-28 00:00:00","DLAME","FARMER","BRUISE","BRIGHT",""
"266","213","1993-04-03 00:00:00","DMAST","FARMER","MAST","BLEFT",""
"267","213","1993-06-07 00:00:00","DLAME","FARMER","LAME","BLEFT","opened/cleaned"
"269","214","1993-05-17 00:00:00","DMAST","FARMER","MAST","BRIGHT",""
"270","214","1993-06-03 00:00:00","DMAST","FARMER","MAST","BRIGHT",""
"271","214","1993-07-26 00:00:00","DLAME","FARMER","LAME","BRIGHT","opened/cleaned"
"272","214","1992-05-22 00:00:00","DMAST","FARMER","MAST","FLEFT",""
"273","214","1992-01-31 00:00:00","DMAST","FARMER","MAST","FRIGHT",""
"275","215","1992-08-27 00:00:00","DLAME","FARMER","LAME","BRIGHT","opened/cleaned"
"282","216","1992-07-28 00:00:00","DLAME","FARMER","LAME","BLEFT","opened/cleaned"
"290","218","1994-02-01 00:00:00","DMAST","FARMER","MAST","BRIGHT",""
"291","219","1994-02-08 00:00:00","DLAME","FARMER","LAME","FLEFT",""
"294","220","1993-04-02 00:00:00","DMAST","FARMER","MAST","FRIGHT",""
"295","220","1993-06-11 00:00:00","DLAME","FARMER","LAME","FLEFT","opened/cleaned"
"296","220","1992-03-13 00:00:00","DMETAB","FARMER","MLKFEV","",""
"297","220","1992-09-25 00:00:00","DLAME","FARMER","LAME","FLEFT",""
"298","220","1992-02-04 00:00:00","DMAST","FARMER","MAST","FRIGHT",""
"301","221","1994-02-01 00:00:00","DMAST","FARMER","MAST","BRIGHT",""
"302","221","1992-05-16 00:00:00","DMAST","FARMER","MAST","BRIGHT",""
"303","221","1992-05-21 00:00:00","DMAST","FARMER","MAST","","Right back/front"
"304","221","1992-06-18 00:00:00","DMAST","FARMER","MAST","BRIGHT",""
"305","221","1992-07-02 00:00:00","DMAST","FARMER","MAST","BRIGHT",""
"306","221","1992-07-11 00:00:00","DMAST","FARMER","MAST","BRIGHT",""
"307","221","1992-10-20 00:00:00","DMAST","FARMER","MAST","BRIGHT",""
"309","222","1992-05-15 00:00:00","DMAST","FARMER","MAST","BRIGHT",""
"310","223","1993-04-01 00:00:00","DLAME","FARMER","LAME","BRIGHT",""
"311","224","1993-06-25 00:00:00","DLAME","FARMER","LAME","BLEFT","opened/cleaned"
"312","224","1992-08-12 00:00:00","DLAME","FARMER","LAME","FRIGHT","opened/cleaned"
"313","224","1992-02-04 00:00:00","DMAST","FARMER","MAST","FRIGHT","rf"
"324","229","1993-04-01 00:00:00","DMETAB","FARMER","MLKFEV","",""
"325","229","1993-07-22 00:00:00","DLAME","FARMER","LAME","BLEFT",""
"326","229","1992-05-11 00:00:00","DLAME","FARMER","LAME","BRIGHT","opened/cleaned"
"327","229","1992-09-10 00:00:00","DLAME","FARMER","LAME","BRIGHT","opened/cleaned"
"328","229","1992-03-20 00:00:00","DMETAB","FARMER","MLKFEV","",""
"333","230","1993-07-22 00:00:00","DLAME","FARMER","LAME","BLEFT",""
"334","230","1993-08-10 00:00:00","DLAME","FARMER","LAME","BRIGHT","opened/cleaned"
"335","230","1992-05-24 00:00:00","DLAME","FARMER","LAME","BLEFT","opened/cleaned"
"336","230","1992-07-06 00:00:00","DLAME","FARMER","LAME","","checked/no prob"
"337","230","1992-07-09 00:00:00","DLAME","FARMER","LAME","BRIGHT",""
"338","230","1992-09-25 00:00:00","DLAME","FARMER","LAME","BRIGHT",""
"343","234","1993-07-22 00:00:00","DLAME","FARMER","LAME","BLEFT",""
"344","234","1992-06-30 00:00:00","DLAME","FARMER","LAME","FRIGHT","opened/cleaned"
"345","234","1992-07-28 00:00:00","DLAME","FARMER","BRUISE","BLEFT",""
"351","237","1993-05-06 00:00:00","DLAME","FARMER","LAME","BLEFT","opened/cleaned"
"352","237","1992-03-09 00:00:00","DMETAB","FARMER","MLKFEV","",""
"353","237","1992-08-11 00:00:00","DLAME","FARMER","LAME","BRIGHT","opened/cleaned"
"354","237","1993-04-26 00:00:00","DMETAB","FARMER","MLKFEV","",""
"355","237","1991-01-10 00:00:00","DLAME","FARMER","LAME","BLEFT",""
"358","239","1992-08-14 00:00:00","DLAME","FARMER","LAME","FRIGHT","opened/cleaned"
"361","240","1993-06-30 00:00:00","DLAME","FARMER","LAME","BRIGHT","opened/cleaned"
"362","240","1992-04-05 00:00:00","DMAST","FARMER","MAST","FRIGHT",""
"363","240","1991-01-10 00:00:00","DLAME","FARMER","LAME","BRIGHT",""
"365","241","1992-08-10 00:00:00","DLAME","FARMER","LAME","BRIGHT","opened/cleaned"
"370","245","1993-04-18 00:00:00","DLAME","FARMER","LAME","FRIGHT",""
"371","245","1992-08-20 00:00:00","DMAST","FARMER","MAST","BRIGHT",""
"374","247","1993-09-07 00:00:00","DLAME","FARMER","LAME","BRIGHT",""
"375","247","1993-09-21 00:00:00","DLAME","FARMER","LAME","BRIGHT",""
"376","247","1993-09-25 00:00:00","DLAME","VET","LAME","BRIGHT","1 claw removed"
"378","248","1993-06-22 00:00:00","DLAME","FARMER","LAME","BLEFT","opened/cleaned"
"379","250","1992-09-25 00:00:00","DLAME","FARMER","LAME","BLEFT",""
"385","255","1993-04-16 00:00:00","DMETAB","FARMER","MLKFEV","",""
"386","255","1993-04-16 00:00:00","DMETAB","FARMER","KETOS","",""
"402","262","1993-03-24 00:00:00","DMAST","FARMER","MAST","BRIGHT",""
"403","262","1993-07-01 00:00:00","DLAME","FARMER","LAME","FRIGHT","opened/cleaned"
"404","262","1992-03-22 00:00:00","DMAST","FARMER","MAST","FRIGHT",""
"405","262","1992-08-17 00:00:00","DLAME","FARMER","LAME","BRIGHT",""
"406","262","1992-08-26 00:00:00","DLAME","FARMER","LAME","BRIGHT",""
"407","262","1992-09-26 00:00:00","DLAME","FARMER","LAME","BRIGHT",""
"408","263","1993-07-05 00:00:00","DLAME","FARMER","LAME","BLEFT","opened/cleaned"
"409","263","1992-03-24 00:00:00","DMAST","FARMER","MAST","FLEFT",""
"410","263","1992-08-05 00:00:00","DLAME","FARMER","LAME","BRIGHT",""
"411","263","1992-08-12 00:00:00","DLAME","FARMER","LAME","BRIGHT","opened/cleaned"
"416","264","1992-08-13 00:00:00","DMAST","FARMER","MAST","BLEFT",""
"418","267","1993-07-21 00:00:00","DMAST","FARMER","MAST","BLEFT",""
"429","271","1993-02-15 00:00:00","DMAST","FARMER","MAST","",""
"430","271","1992-02-04 00:00:00","DMAST","FARMER","MAST","BRIGHT",""
"434","274","1994-02-08 00:00:00","DLAME","FARMER","LAME","BRIGHT",""
"448","279","1992-08-24 00:00:00","DLAME","FARMER","BRUISE","FRIGHT",""
"449","279","1992-09-25 00:00:00","DLAME","FARMER","LAME","BRIGHT",""
"450","280","1993-03-15 00:00:00","DREPRO","FARMER","RETMEM","",""
"451","280","1993-03-26 00:00:00","DREPRO","FARMER","RETMEM","",""
"452","280","1993-06-10 00:00:00","DLAME","FARMER","LAME","BLEFT","opened/cleaned"
"453","280","1993-06-29 00:00:00","DLAME","FARMER","LAME","FRIGHT","opened/cleaned"
"454","280","1993-12-09 00:00:00","DLAME","FARMER","BRUISE","BRIGHT",""
"455","280","1994-02-01 00:00:00","DMAST","FARMER","MAST","",""
"456","280","1992-07-09 00:00:00","DLAME","FARMER","LAME","BLEFT","opened/ cleaned"
"457","280","1992-07-24 00:00:00","DLAME","FARMER","LAME","BLEFT","clear"
"458","280","1993-02-15 00:00:00","DMAST","FARMER","MAST","BRIGHT",""
"461","283","1993-06-24 00:00:00","DLAME","FARMER","BRUISE","BRIGHT",""
"465","285","1993-03-30 00:00:00","DLAME","FARMER","LAME","FRIGHT",""
"470","289","1993-07-01 00:00:00","DLAME","FARMER","LAME","FLEFT","opened/cleaned"
"471","289","1992-03-04 00:00:00","DMETAB","FARMER","MLKFEV","",""
"472","289","1992-03-10 00:00:00","DLAME","FARMER","LAME","BRIGHT",""
"473","289","1992-10-13 00:00:00","DMAST","FARMER","MAST","FRIGHT",""
"474","289","1991-12-31 00:00:00","DLAME","FARMER","LAME","BRIGHT",""
"478","292","1993-12-10 00:00:00","DLAME","FARMER","LAME","BLEFT","opened/cleaned"
"483","293","1993-05-22 00:00:00","DLAME","FARMER","LAME","BLEFT","opened/cleaned"
"484","293","1993-12-09 00:00:00","DLAME","FARMER","LAME","BRIGHT","opened"
"485","293","1992-05-11 00:00:00","DLAME","FARMER","LAME","BLEFT","opened/cleaned"
"486","293","1992-06-11 00:00:00","DLAME","FARMER","LAME","BRIGHT","opened/cleaned"
"487","293","1992-07-20 00:00:00","DLAME","FARMER","LAME","BLEFT",""
"488","293","1992-08-10 00:00:00","DLAME","FARMER","LAME","BRIGHT","opened/cleaned"
"492","295","1993-05-18 00:00:00","DLAME","FARMER","LAME","BLEFT","opened/cleaned"
"493","295","1993-06-29 00:00:00","DLAME","FARMER","LAME","BRIGHT","opened/cleaned"
"494","295","1992-07-28 00:00:00","DLAME","FARMER","LAME","BRIGHT","opened/cleaned"
"504","299","1993-05-05 00:00:00","DLAME","FARMER","LAME","BRIGHT","opened/cleaned"
"505","299","1993-12-09 00:00:00","DLAME","FARMER","LAME","BRIGHT","opened"
"506","299","1992-05-15 00:00:00","DLAME","FARMER","LAME","BLEFT","opened/cleaned"
"513","302","1993-04-18 00:00:00","DMETAB","FARMER","MLKFEV","",""
"514","302","1992-04-05 00:00:00","DMETAB","FARMER","MLKFEV","",""
"515","302","1992-07-30 00:00:00","DLAME","FARMER","LAME","BRIGHT","opened/cleaned"
"516","302","1992-09-25 00:00:00","DLAME","FARMER","LAME","BRIGHT",""
"523","304","1992-04-10 00:00:00","DMAST","FARMER","MAST","","Right front&back"
"524","304","1993-05-11 00:00:00","DMETAB","FARMER","MLKFEV","",""
"528","308","1992-03-25 00:00:00","DLAME","FARMER","LAME","BRIGHT",""
"529","308","1992-07-09 00:00:00","DLAME","FARMER","FTROT","BLEFT",""
"537","312","1993-04-26 00:00:00","DMAST","FARMER","MAST","FRIGHT",""
"613","466","1993-12-22 00:00:00","DLAME","FARMER","FTROT","BLEFT",""
"614","466","1992-02-27 00:00:00","DLAME","FARMER","LAME","FLEFT","opened/cleaned"
"618","469","1992-09-21 00:00:00","DLAME","FARMER","LAME","BRIGHT",""
"657","487","1993-06-30 00:00:00","DLAME","FARMER","LAME","BRIGHT","opened/cleaned"
"658","487","1993-07-12 00:00:00","DLAME","FARMER","LAME","BLEFT","opened/cleaned"
"678","493","1993-06-22 00:00:00","DLAME","FARMER","LAME","BLEFT","opened/cleaned"
"679","493","1992-07-20 00:00:00","DLAME","FARMER","LAME","BLEFT",""
"689","496","1993-06-30 00:00:00","DLAME","FARMER","LAME","FRIGHT","opened/cleaned"
"690","496","1992-07-17 00:00:00","DLAME","FARMER","LAME","BRIGHT","no specfc lesion"
"691","496","1992-07-20 00:00:00","DLAME","FARMER","LAME","BRIGHT",""
"692","496","1992-07-30 00:00:00","DLAME","FARMER","LAME","FRIGHT","opened/cleaned"
"696","497","1993-07-22 00:00:00","DLAME","FARMER","LAME","BRIGHT",""
"718","506","1993-04-18 00:00:00","DMETAB","FARMER","MLKFEV","",""
"752","519","1992-09-25 00:00:00","DLAME","FARMER","LAME","BLEFT",""
"753","519","1992-02-04 00:00:00","DMAST","FARMER","MAST","","lb"
"769","527","1992-08-23 00:00:00","DLAME","FARMER","LAME","BLEFT",""
"772","528","1992-09-21 00:00:00","DLAME","FARMER","LAME","BLEFT",""
"799","555","1993-04-01 00:00:00","DMAST","FARMER","MAST","BRIGHT",""
"815","559","1993-12-22 00:00:00","DLAME","FARMER","LAME","FRIGHT",""
"816","559","1992-08-14 00:00:00","DLAME","FARMER","LAME","BRIGHT","local infection"
"868","607","1992-08-18 00:00:00","DLAME","FARMER","LAME","BRIGHT","opened/cleaned"
"869","607","1992-02-04 00:00:00","DMAST","FARMER","MAST","BRIGHT",""
"879","608","1993-12-26 00:00:00","DLAME","FARMER","FTROT","BLEFT",""
"890","611","1993-06-12 00:00:00","DLAME","FARMER","LAME","BLEFT","opened/cleaned"
"891","611","1992-07-24 00:00:00","DLAME","FARMER","LAME","FLEFT","opened/cleaned"
"895","613","1993-03-27 00:00:00","DMAST","FARMER","MAST","BRIGHT",""
"904","614","1993-05-12 00:00:00","DMAST","FARMER","MAST","FLEFT",""
"934","620","1993-08-04 00:00:00","DLAME","FARMER","BRUISE","BRIGHT",""
"948","623","1992-08-31 00:00:00","DLAME","FARMER","LAME","FLEFT","opened/cleaned"
"957","627","1993-07-22 00:00:00","DLAME","FARMER","LAME","BLEFT",""
"964","628","1992-08-24 00:00:00","DLAME","FARMER","LAME","BLEFT",""
"971","632","1993-02-15 00:00:00","DMAST","FARMER","MAST","BLEFT",""
"984","634","1993-06-29 00:00:00","DLAME","FARMER","LAME","BLEFT","opened/cleaned"
"985","634","1992-07-13 00:00:00","DLAME","FARMER","LAME","BRIGHT",""
"1070","721","1993-03-29 00:00:00","DMAST","FARMER","MAST","FRIGHT",""
"1072","723","1993-07-01 00:00:00","DLAME","FARMER","LAME","BRIGHT","opened/cleaned"
